number,latitude,longitude,time
1,50.9824407162788,3.77791410732817,-
2,50.9824408313688,3.77791394376075,-
3,50.9824409464587,3.77791378019333,-
4,50.9824410615487,3.77791361662591,-
5,50.9824411766387,3.77791345305849,-
6,50.9824412917286,3.77791328949107,-
7,50.9824414068186,3.77791312592366,-
8,50.9824415219086,3.77791296235624,-
9,50.9824416369985,3.77791279878882,-
10,50.9824417520885,3.7779126352214,-
11,50.9824418671784,3.77791247165398,-
12,50.9824419822684,3.77791230808656,-
13,50.9824420973584,3.77791214451914,-
14,50.9824422124483,3.77791198095172,-
15,50.9824423275383,3.77791181738431,-
16,50.9824424426283,3.77791165381689,-
17,50.9824425577182,3.77791149024947,-
18,50.9824426728082,3.77791132668205,-
19,50.9824427878982,3.77791116311463,-
20,50.9824429029881,3.77791099954721,-
21,50.9824430180781,3.77791083597979,-
22,50.982443133168,3.77791067241238,-
23,50.982443248258,3.77791050884496,-
24,50.982443363348,3.77791034527754,-
25,50.9824434784379,3.77791018171012,-
26,50.9824435935279,3.7779100181427,-
27,50.9824437086179,3.77790985457528,-
28,50.9824438237078,3.77790969100786,-
29,50.9824439387978,3.77790952744045,-
30,50.9824440538877,3.77790936387303,-
31,50.9824441689777,3.77790920030561,-
32,50.9824442840677,3.77790903673819,-
33,50.9824443991576,3.77790887317077,-
34,50.9824445142476,3.77790870960335,-
35,50.9824446293376,3.77790854603593,-
36,50.9824447444275,3.77790838246851,-
37,50.9824448595175,3.7779082189011,-
38,50.9824449746074,3.77790805533368,-
39,50.9824450896974,3.77790789176626,-
40,50.9824452047874,3.77790772819884,-
41,50.9824453198773,3.77790756463142,-
42,50.9824454349673,3.777907401064,-
43,50.9824455500573,3.77790723749658,-
44,50.9824456651472,3.77790707392916,-
45,50.9824457802372,3.77790691036175,-
46,50.9824458953272,3.77790674679433,-
47,50.9824460104171,3.77790658322691,-
48,50.9824461255071,3.77790641965949,-
49,50.982446240597,3.77790625609207,-
50,50.982446355687,3.77790609252465,-
51,50.982446470777,3.77790592895723,-
52,50.9824465858669,3.77790576538982,-
53,50.9824467009569,3.7779056018224,-
54,50.9824468160469,3.77790543825498,-
55,50.9824469311368,3.77790527468756,-
56,50.9824470462268,3.77790511112014,-
57,50.9824471613167,3.77790494755272,-
58,50.9824472764067,3.7779047839853,-
59,50.9824473914967,3.77790462041789,-
60,50.9824475065866,3.77790445685047,-
61,50.9824476216766,3.77790429328305,-
62,50.9824477367666,3.77790412971563,-
63,50.9824478518565,3.77790396614821,-
64,50.9824479669465,3.77790380258079,-
65,50.9824480820364,3.77790363901337,-
66,50.9824481971264,3.77790347544595,-
67,50.9824483122164,3.77790331187854,-
68,50.9824484273063,3.77790314831112,-
69,50.9824485423963,3.7779029847437,-
70,50.9824486574863,3.77790282117628,-
71,50.9824487725762,3.77790265760886,-
72,50.9824488876662,3.77790249404144,-
73,50.9824490027561,3.77790233047402,-
74,50.9824491178461,3.77790216690661,-
75,50.9824492329361,3.77790200333919,-
76,50.982449348026,3.77790183977177,-
77,50.982449463116,3.77790167620435,-
78,50.982449578206,3.77790151263693,-
79,50.9824496932959,3.77790134906951,-
80,50.9824498083859,3.77790118550209,-
81,50.9824499234758,3.77790102193467,-
82,50.9824500385658,3.77790085836726,-
83,50.9824501536558,3.77790069479984,-
84,50.9824502687457,3.77790053123242,-
85,50.9824503838357,3.777900367665,-
86,50.9824504989257,3.77790020409758,-
87,50.9824506140156,3.77790004053016,-
88,50.9824507291056,3.77789987696274,-
89,50.9824508441956,3.77789971339533,-
90,50.9824509592855,3.77789954982791,-
91,50.9824510743755,3.77789938626049,-
92,50.9824511894654,3.77789922269307,-
93,50.9824513045554,3.77789905912565,-
94,50.9824514196454,3.77789889555823,-
95,50.9824515347353,3.77789873199081,-
96,50.9824516498253,3.7778985684234,-
97,50.9824517649153,3.77789840485598,-
98,50.9824518800052,3.77789824128856,-
99,50.9824519950952,3.77789807772114,-
100,50.9824521101851,3.77789791415372,-
101,50.9824522252751,3.7778977505863,-
102,50.9824523403651,3.77789758701888,-
103,50.982452455455,3.77789742345147,-
104,50.982452570545,3.77789725988405,-
105,50.982452685635,3.77789709631663,-
106,50.9824528007249,3.77789693274921,-
107,50.9824529158149,3.77789676918179,-
108,50.9824530309049,3.77789660561437,-
109,50.9824531459948,3.77789644204695,-
110,50.9824532610848,3.77789627847953,-
111,50.9824533761747,3.77789611491212,-
112,50.9824534912647,3.7778959513447,-
113,50.9824536063547,3.77789578777728,-
114,50.9824537214446,3.77789562420986,-
115,50.9824538365346,3.77789546064244,-
116,50.9824539516245,3.77789529707502,-
117,50.9824540667145,3.7778951335076,-
118,50.9824541818045,3.77789496994019,-
119,50.9824542968944,3.77789480637277,-
120,50.9824544119844,3.77789464280535,-
121,50.9824545270744,3.77789447923793,-
122,50.9824546421643,3.77789431567051,-
123,50.9824547572543,3.77789415210309,-
124,50.9824548723443,3.77789398853567,-
125,50.9824549874342,3.77789382496825,-
126,50.9824551025242,3.77789366140084,-
127,50.9824552176141,3.77789349783342,-
128,50.9824553327041,3.777893334266,-
129,50.9824554477941,3.77789317069858,-
130,50.982455562884,3.77789300713116,-
131,50.982455677974,3.77789284356374,-
132,50.982455793064,3.77789267999632,-
133,50.9824559081539,3.77789251642891,-
134,50.9824560232439,3.77789235286149,-
135,50.9824561383338,3.77789218929407,-
136,50.9824562534238,3.77789202572665,-
137,50.9824563685138,3.77789186215923,-
138,50.9824564836037,3.77789169859181,-
139,50.9824565986937,3.77789153502439,-
140,50.9824567137837,3.77789137145697,-
141,50.9824568288736,3.77789120788956,-
142,50.9824569439636,3.77789104432214,-
143,50.9824570590536,3.77789088075472,-
144,50.9824571741435,3.7778907171873,-
145,50.9824572892335,3.77789055361988,-
146,50.9824574043234,3.77789039005246,-
147,50.9824575194134,3.77789022648504,-
148,50.9824576345034,3.77789006291763,-
149,50.9824577495933,3.77788989935021,-
150,50.9824578646833,3.77788973578279,-
151,50.9824579797733,3.77788957221537,-
152,50.9824580948632,3.77788940864795,-
153,50.9824582099532,3.77788924508053,-
154,50.9824583250431,3.77788908151311,-
155,50.9824584401331,3.7778889179457,-
156,50.9824585552231,3.77788875437828,-
157,50.982458670313,3.77788859081086,-
158,50.982458785403,3.77788842724344,-
159,50.982458900493,3.77788826367602,-
160,50.9824590155829,3.7778881001086,-
161,50.9824591306729,3.77788793654118,-
162,50.9824592457628,3.77788777297376,-
163,50.9824593608528,3.77788760940635,-
164,50.9824594759428,3.77788744583893,-
165,50.9824595910327,3.77788728227151,-
166,50.9824597061227,3.77788711870409,-
167,50.9824598212127,3.77788695513667,-
168,50.9824599363026,3.77788679156925,-
169,50.9824600513926,3.77788662800183,-
170,50.9824601664825,3.77788646443442,-
171,50.9824602815725,3.777886300867,-
172,50.9824603966625,3.77788613729958,-
173,50.9824605117524,3.77788597373216,-
174,50.9824606268424,3.77788581016474,-
175,50.9824607419324,3.77788564659732,-
176,50.9824608570223,3.7778854830299,-
177,50.9824609721123,3.77788531946249,-
178,50.9824610872022,3.77788515589507,-
179,50.9824612022922,3.77788499232765,-
180,50.9824613173822,3.77788482876023,-
181,50.9824614324721,3.77788466519281,-
182,50.9824615475621,3.77788450162539,-
183,50.9824616626521,3.77788433805797,-
184,50.982461777742,3.77788417449055,-
185,50.982461892832,3.77788401092314,-
186,50.982462007922,3.77788384735572,-
187,50.9824621230119,3.7778836837883,-
188,50.9824622381019,3.77788352022088,-
189,50.9824623531918,3.77788335665346,-
190,50.9824624682818,3.77788319308604,-
191,50.9824625833718,3.77788302951862,-
192,50.9824626984617,3.77788286595121,-
193,50.9824628135517,3.77788270238379,-
194,50.9824629286417,3.77788253881637,-
195,50.9824630437316,3.77788237524895,-
196,50.9824631588216,3.77788221168153,-
197,50.9824632739115,3.77788204811411,-
198,50.9824633890015,3.77788188454669,-
199,50.9824635040915,3.77788172097928,-
200,50.9824636191814,3.77788155741186,-
201,50.9824637342714,3.77788139384444,-
202,50.9824638493614,3.77788123027702,-
203,50.9824639644513,3.7778810667096,-
204,50.9824640795413,3.77788090314218,-
205,50.9824641946313,3.77788073957476,-
206,50.9824643097212,3.77788057600735,-
207,50.9824644248112,3.77788041243993,-
208,50.9824645399011,3.77788024887251,-
209,50.9824646549911,3.77788008530509,-
210,50.9824647700811,3.77787992173767,-
211,50.982464885171,3.77787975817025,-
212,50.982465000261,3.77787959460283,-
213,50.9824651153509,3.77787943103541,-
214,50.9824652304409,3.777879267468,-
215,50.9824653455309,3.77787910390058,-
216,50.9824654606208,3.77787894033316,-
217,50.9824655757108,3.77787877676574,-
218,50.9824656908008,3.77787861319832,-
219,50.9824658058907,3.7778784496309,-
220,50.9824659209807,3.77787828606348,-
221,50.9824660360707,3.77787812249606,-
222,50.9824661511606,3.77787795892865,-
223,50.9824662662506,3.77787779536123,-
224,50.9824663813405,3.77787763179381,-
225,50.9824664964305,3.77787746822639,-
226,50.9824666115205,3.77787730465897,-
227,50.9824667266104,3.77787714109155,-
228,50.9824668417004,3.77787697752413,-
229,50.9824669567904,3.77787681395672,-
230,50.9824670718803,3.7778766503893,-
231,50.9824671869703,3.77787648682188,-
232,50.9824673020602,3.77787632325446,-
233,50.9824674171502,3.77787615968704,-
234,50.9824675322402,3.77787599611962,-
235,50.9824676473301,3.7778758325522,-
236,50.9824677624201,3.77787566898479,-
237,50.9824678775101,3.77787550541737,-
238,50.9824679926,3.77787534184995,-
239,50.98246810769,3.77787517828253,-
240,50.9824682227799,3.77787501471511,-
241,50.9824683378699,3.77787485114769,-
242,50.9824684529599,3.77787468758027,-
243,50.9824685680498,3.77787452401285,-
244,50.9824686831398,3.77787436044544,-
245,50.9824687982298,3.77787419687802,-
246,50.9824689133197,3.7778740333106,-
247,50.9824690284097,3.77787386974318,-
248,50.9824691434996,3.77787370617576,-
249,50.9824692585896,3.77787354260834,-
250,50.9824693736796,3.77787337904092,-
251,50.9824694887695,3.7778732154735,-
252,50.9824696038595,3.77787305190609,-
253,50.9824697189495,3.77787288833867,-
254,50.9824698340394,3.77787272477125,-
255,50.9824699491294,3.77787256120383,-
256,50.9824700642194,3.77787239763641,-
257,50.9824701793093,3.77787223406899,-
258,50.9824702943993,3.77787207050157,-
259,50.9824704094892,3.77787190693416,-
260,50.9824705245792,3.77787174336674,-
261,50.9824706396692,3.77787157979932,-
262,50.9824707547591,3.7778714162319,-
263,50.9824708698491,3.77787125266448,-
264,50.9824709849391,3.77787108909706,-
265,50.982471100029,3.77787092552964,-
266,50.982471215119,3.77787076196223,-
267,50.9824713302089,3.77787059839481,-
268,50.9824714977462,3.77787053585973,-
269,50.9824716977461,3.77787053585973,-
270,50.982471864818,3.7778704538345,-
271,50.982472009303,3.77787031554464,-
272,50.982472153788,3.77787017725478,-
273,50.982472298273,3.77787003896492,-
274,50.982472442758,3.77786990067506,-
275,50.982472587243,3.7778697623852,-
276,50.982472731728,3.77786962409534,-
277,50.982472876213,3.77786948580548,-
278,50.982473020698,3.77786934751562,-
279,50.982473165183,3.77786920922576,-
280,50.982473309668,3.7778690709359,-
281,50.982473454153,3.77786893264604,-
282,50.982473598638,3.77786879435618,-
283,50.982473743123,3.77786865606632,-
284,50.982473887608,3.77786851777646,-
285,50.982474032093,3.7778683794866,-
286,50.982474176578,3.77786824119674,-
287,50.982474321063,3.77786810290688,-
288,50.982474465548,3.77786796461702,-
289,50.982474610033,3.77786782632716,-
290,50.982474754518,3.7778676880373,-
291,50.982474899003,3.77786754974744,-
292,50.9824750434879,3.77786741145758,-
293,50.9824751879729,3.77786727316772,-
294,50.9824753324579,3.77786713487786,-
295,50.9824754769429,3.777866996588,-
296,50.9824756214279,3.77786685829814,-
297,50.9824757659129,3.77786672000828,-
298,50.9824759103979,3.77786658171842,-
299,50.9824760548829,3.77786644342856,-
300,50.9824761993679,3.7778663051387,-
301,50.9824763438529,3.77786616684884,-
302,50.9824764883379,3.77786602855898,-
303,50.9824766328229,3.77786589026912,-
304,50.9824767773079,3.77786575197926,-
305,50.9824769217929,3.7778656136894,-
306,50.9824770662779,3.77786547539954,-
307,50.9824772107629,3.77786533710968,-
308,50.9824773552479,3.77786519881982,-
309,50.9824774997329,3.77786506052996,-
310,50.9824776442179,3.7778649222401,-
311,50.9824777887029,3.77786478395024,-
312,50.9824779331879,3.77786464566038,-
313,50.9824780776729,3.77786450737052,-
314,50.9824782221579,3.77786436908066,-
315,50.9824783666429,3.7778642307908,-
316,50.9824785111279,3.77786409250094,-
317,50.9824786556129,3.77786395421108,-
318,50.9824788000979,3.77786381592122,-
319,50.9824789445829,3.77786367763136,-
320,50.9824790890679,3.77786353934151,-
321,50.9824792335529,3.77786340105165,-
322,50.9824793780379,3.77786326276179,-
323,50.9824795225229,3.77786312447193,-
324,50.9824796670079,3.77786298618207,-
325,50.9824798114929,3.77786284789221,-
326,50.9824799559779,3.77786270960235,-
327,50.9824801004629,3.77786257131249,-
328,50.9824802449479,3.77786243302263,-
329,50.9824803894329,3.77786229473277,-
330,50.9824805339179,3.77786215644291,-
331,50.9824806784029,3.77786201815305,-
332,50.9824808228879,3.77786187986319,-
333,50.9824809673729,3.77786174157333,-
334,50.9824811118579,3.77786160328347,-
335,50.9824812563429,3.77786146499361,-
336,50.9824814008279,3.77786132670375,-
337,50.9824815453129,3.77786118841389,-
338,50.9824816897979,3.77786105012403,-
339,50.9824818342829,3.77786091183417,-
340,50.9824819787679,3.77786077354431,-
341,50.9824821232529,3.77786063525445,-
342,50.9824822677379,3.77786049696459,-
343,50.9824824122229,3.77786035867473,-
344,50.9824825567078,3.77786022038487,-
345,50.9824827011929,3.77786008209501,-
346,50.9824828456778,3.77785994380515,-
347,50.9824829901628,3.77785980551529,-
348,50.9824831346478,3.77785966722543,-
349,50.9824832791328,3.77785952893557,-
350,50.9824834236178,3.77785939064571,-
351,50.9824835681028,3.77785925235585,-
352,50.9824837125878,3.77785911406599,-
353,50.9824838570728,3.77785897577613,-
354,50.9824840015578,3.77785883748627,-
355,50.9824841460428,3.77785869919641,-
356,50.9824842905278,3.77785856090655,-
357,50.9824844350128,3.77785842261669,-
358,50.9824845794978,3.77785828432683,-
359,50.9824847239828,3.77785814603697,-
360,50.9824848684678,3.77785800774711,-
361,50.9824850129528,3.77785786945725,-
362,50.9824851574378,3.77785773116739,-
363,50.9824853019228,3.77785759287753,-
364,50.9824854464078,3.77785745458767,-
365,50.9824855908928,3.77785731629781,-
366,50.9824857353778,3.77785717800795,-
367,50.9824858798628,3.77785703971809,-
368,50.9824860243478,3.77785690142823,-
369,50.9824861688328,3.77785676313837,-
370,50.9824863133178,3.77785662484851,-
371,50.9824864578028,3.77785648655865,-
372,50.9824866022878,3.77785634826879,-
373,50.9824867467728,3.77785620997893,-
374,50.9824868912578,3.77785607168907,-
375,50.9824870357428,3.77785593339921,-
376,50.9824871802278,3.77785579510935,-
377,50.9824873247128,3.77785565681949,-
378,50.9824874691978,3.77785551852963,-
379,50.9824876136828,3.77785538023977,-
380,50.9824877581678,3.77785524194991,-
381,50.9824879026528,3.77785510366006,-
382,50.9824880471378,3.7778549653702,-
383,50.9824881916228,3.77785482708034,-
384,50.9824883361078,3.77785468879048,-
385,50.9824884805928,3.77785455050062,-
386,50.9824886250778,3.77785441221076,-
387,50.9824887695628,3.7778542739209,-
388,50.9824889140478,3.77785413563104,-
389,50.9824890585328,3.77785399734118,-
390,50.9824892030178,3.77785385905132,-
391,50.9824893475028,3.77785372076146,-
392,50.9824894919877,3.7778535824716,-
393,50.9824896364727,3.77785344418174,-
394,50.9824897809577,3.77785330589188,-
395,50.9824899254427,3.77785316760202,-
396,50.9824900699277,3.77785302931216,-
397,50.9824902144127,3.7778528910223,-
398,50.9824903588977,3.77785275273244,-
399,50.9824905033827,3.77785261444258,-
400,50.9824906478677,3.77785247615272,-
401,50.9824907923527,3.77785233786286,-
402,50.9824909368377,3.777852199573,-
403,50.9824910813227,3.77785206128314,-
404,50.9824912258077,3.77785192299328,-
405,50.9824913702927,3.77785178470342,-
406,50.9824915147777,3.77785164641356,-
407,50.9824916592627,3.7778515081237,-
408,50.9824918037477,3.77785136983384,-
409,50.9824919482327,3.77785123154398,-
410,50.9824920927177,3.77785109325412,-
411,50.9824922372027,3.77785095496426,-
412,50.9824923816877,3.7778508166744,-
413,50.9824925261727,3.77785067838454,-
414,50.9824926706577,3.77785054009468,-
415,50.9824928151427,3.77785040180482,-
416,50.9824929596277,3.77785026351496,-
417,50.9824931041127,3.7778501252251,-
418,50.9824932485977,3.77784998693524,-
419,50.9824933930827,3.77784984864538,-
420,50.9824935375677,3.77784971035552,-
421,50.9824936820527,3.77784957206566,-
422,50.9824938265377,3.7778494337758,-
423,50.9824939710227,3.77784929548594,-
424,50.9824941155077,3.77784915719608,-
425,50.9824942599927,3.77784901890622,-
426,50.9824944044777,3.77784888061636,-
427,50.9824945489627,3.7778487423265,-
428,50.9824946934477,3.77784860403664,-
429,50.9824948379327,3.77784846574678,-
430,50.9824949824177,3.77784832745692,-
431,50.9824951269027,3.77784818916706,-
432,50.9824952713877,3.7778480508772,-
433,50.9824954158727,3.77784791258734,-
434,50.9824955603577,3.77784777429748,-
435,50.9824957048427,3.77784763600762,-
436,50.9824958493277,3.77784749771776,-
437,50.9824959938127,3.7778473594279,-
438,50.9824961382977,3.77784722113804,-
439,50.9824962827827,3.77784708284818,-
440,50.9824964272677,3.77784694455832,-
441,50.9824965717527,3.77784680626847,-
442,50.9824967162377,3.77784666797861,-
443,50.9824968607227,3.77784652968875,-
444,50.9824970052077,3.77784639139889,-
445,50.9824971496926,3.77784625310903,-
446,50.9824972941776,3.77784611481917,-
447,50.9824974386626,3.77784597652931,-
448,50.9824975831476,3.77784583823945,-
449,50.9824977276326,3.77784569994959,-
450,50.9824978721176,3.77784556165973,-
451,50.9824980166026,3.77784542336987,-
452,50.9824981610876,3.77784528508001,-
453,50.9824983055726,3.77784514679015,-
454,50.9824984500576,3.77784500850029,-
455,50.9824985945426,3.77784487021043,-
456,50.9824987390276,3.77784473192057,-
457,50.9824988835126,3.77784459363071,-
458,50.9824990279976,3.77784445534085,-
459,50.9824991724826,3.77784431705099,-
460,50.9824993169676,3.77784417876113,-
461,50.9824994614526,3.77784404047127,-
462,50.9824996059376,3.77784390218141,-
463,50.9824997504226,3.77784376389155,-
464,50.9824998949076,3.77784362560169,-
465,50.9825000393926,3.77784348731183,-
466,50.9825001838776,3.77784334902197,-
467,50.9825003283626,3.77784321073211,-
468,50.9825004728476,3.77784307244225,-
469,50.9825006173326,3.77784293415239,-
470,50.9825007618176,3.77784279586253,-
471,50.9825009063026,3.77784265757267,-
472,50.9825010507876,3.77784251928281,-
473,50.9825011952726,3.77784238099295,-
474,50.9825013397576,3.77784224270309,-
475,50.9825014842426,3.77784210441323,-
476,50.9825016287276,3.77784196612337,-
477,50.9825017732126,3.77784182783351,-
478,50.9825019176976,3.77784168954365,-
479,50.9825020621826,3.77784155125379,-
480,50.9825022066676,3.77784141296393,-
481,50.9825023511526,3.77784127467407,-
482,50.9825024956376,3.77784113638421,-
483,50.9825026401226,3.77784099809435,-
484,50.9825027846076,3.77784085980449,-
485,50.9825029290926,3.77784072151463,-
486,50.9825030735776,3.77784058322477,-
487,50.9825032180626,3.77784044493491,-
488,50.9825033627037,3.77784030687335,-
489,50.9825035439751,3.77784022237079,-
490,50.9825037252465,3.77784013786823,-
491,50.9825039065179,3.77784005336567,-
492,50.9825040877893,3.77783996886312,-
493,50.9825042690607,3.77783988436056,-
494,50.9825044503321,3.777839799858,-
495,50.9825046316034,3.77783971535544,-
496,50.9825048128748,3.77783963085288,-
497,50.9825049941462,3.77783954635033,-
498,50.9825051754176,3.77783946184777,-
499,50.982505356689,3.77783937734521,-
500,50.9825055379604,3.77783929284265,-
501,50.9825057192318,3.7778392083401,-
502,50.9825059005032,3.77783912383754,-
503,50.9825060817746,3.77783903933498,-
504,50.982506263046,3.77783895483242,-
505,50.9825064443174,3.77783887032986,-
506,50.9825066255888,3.77783878582731,-
507,50.9825068068602,3.77783870132475,-
508,50.9825069881316,3.77783861682219,-
509,50.9825071694029,3.77783853231963,-
510,50.9825073506743,3.77783844781708,-
511,50.9825075319457,3.77783836331452,-
512,50.9825077132171,3.77783827881196,-
513,50.9825078944885,3.7778381943094,-
514,50.9825080757599,3.77783810980684,-
515,50.9825082570313,3.77783802530429,-
516,50.9825084383027,3.77783794080173,-
517,50.9825086195741,3.77783785629917,-
518,50.9825088008455,3.77783777179661,-
519,50.9825089821169,3.77783768729406,-
520,50.9825091633883,3.7778376027915,-
521,50.9825093446597,3.77783751828894,-
522,50.9825095259311,3.77783743378638,-
523,50.9825097072024,3.77783734928382,-
524,50.9825098884738,3.77783726478127,-
525,50.9825100697452,3.77783718027871,-
526,50.9825102510166,3.77783709577615,-
527,50.982510432288,3.77783701127359,-
528,50.9825106135594,3.77783692677104,-
529,50.9825107948308,3.77783684226848,-
530,50.9825109761022,3.77783675776592,-
531,50.9825111573736,3.77783667326336,-
532,50.982511338645,3.77783658876081,-
533,50.9825115199164,3.77783650425825,-
534,50.9825117011878,3.77783641975569,-
535,50.9825118824592,3.77783633525313,-
536,50.9825120637305,3.77783625075057,-
537,50.9825122450019,3.77783616624802,-
538,50.9825124262733,3.77783608174546,-
539,50.9825126075447,3.7778359972429,-
540,50.9825127888161,3.77783591274034,-
541,50.9825129700875,3.77783582823779,-
542,50.9825131513589,3.77783574373523,-
543,50.9825133326303,3.77783565923267,-
544,50.9825135139017,3.77783557473011,-
545,50.9825136951731,3.77783549022755,-
546,50.9825138764445,3.777835405725,-
547,50.9825140577159,3.77783532122244,-
548,50.9825142389872,3.77783523671988,-
549,50.9825144202586,3.77783515221732,-
550,50.98251460153,3.77783506771477,-
551,50.9825147828014,3.77783498321221,-
552,50.9825149640728,3.77783489870965,-
553,50.9825151453442,3.77783481420709,-
554,50.9825153266156,3.77783472970453,-
555,50.982515507887,3.77783464520198,-
556,50.9825156891584,3.77783456069942,-
557,50.9825158704298,3.77783447619686,-
558,50.9825160517012,3.7778343916943,-
559,50.9825162329726,3.77783430719175,-
560,50.982516414244,3.77783422268919,-
561,50.9825165955154,3.77783413818663,-
562,50.9825167767867,3.77783405368407,-
563,50.9825169580581,3.77783396918152,-
564,50.9825171393295,3.77783388467896,-
565,50.9825173206009,3.7778338001764,-
566,50.9825175018723,3.77783371567384,-
567,50.9825176831437,3.77783363117128,-
568,50.9825178644151,3.77783354666873,-
569,50.9825180456865,3.77783346216617,-
570,50.9825182269579,3.77783337766361,-
571,50.9825184082293,3.77783329316105,-
572,50.9825185895007,3.7778332086585,-
573,50.9825187707721,3.77783312415594,-
574,50.9825189520435,3.77783303965338,-
575,50.9825191333148,3.77783295515082,-
576,50.9825193145862,3.77783287064826,-
577,50.9825194958576,3.77783278614571,-
578,50.982519677129,3.77783270164315,-
579,50.9825198584004,3.77783261714059,-
580,50.9825200396718,3.77783253263803,-
581,50.9825202209432,3.77783244813548,-
582,50.9825204022146,3.77783236363292,-
583,50.982520583486,3.77783227913036,-
584,50.9825207647574,3.7778321946278,-
585,50.9825209460288,3.77783211012524,-
586,50.9825211273002,3.77783202562269,-
587,50.9825213085716,3.77783194112013,-
588,50.982521489843,3.77783185661757,-
589,50.9825216711143,3.77783177211501,-
590,50.9825218523857,3.77783168761246,-
591,50.9825220336571,3.7778316031099,-
592,50.9825222149285,3.77783151860734,-
593,50.9825223961999,3.77783143410478,-
594,50.9825225774713,3.77783134960222,-
595,50.9825227587427,3.77783126509967,-
596,50.9825229400141,3.77783118059711,-
597,50.9825231212855,3.77783109609455,-
598,50.9825233025569,3.77783101159199,-
599,50.9825234838283,3.77783092708944,-
600,50.9825236650997,3.77783084258688,-
601,50.9825238463711,3.77783075808432,-
602,50.9825240276424,3.77783067358176,-
603,50.9825242089138,3.77783058907921,-
604,50.9825243901852,3.77783050457665,-
605,50.9825245714566,3.77783042007409,-
606,50.982524752728,3.77783033557153,-
607,50.9825249339994,3.77783025106897,-
608,50.9825251152708,3.77783016656642,-
609,50.9825252965422,3.77783008206386,-
610,50.9825254778136,3.7778299975613,-
611,50.982525659085,3.77782991305874,-
612,50.9825258403564,3.77782982855619,-
613,50.9825260216278,3.77782974405363,-
614,50.9825262028992,3.77782965955107,-
615,50.9825263841705,3.77782957504851,-
616,50.982526565442,3.77782949054595,-
617,50.9825267467133,3.7778294060434,-
618,50.9825269279847,3.77782932154084,-
619,50.9825271092561,3.77782923703828,-
620,50.9825272905275,3.77782915253572,-
621,50.9825274717989,3.77782906803317,-
622,50.9825276530703,3.77782898353061,-
623,50.9825278343417,3.77782889902805,-
624,50.9825280156131,3.77782881452549,-
625,50.9825281968845,3.77782873002293,-
626,50.9825283781559,3.77782864552038,-
627,50.9825285594273,3.77782856101782,-
628,50.9825287406986,3.77782847651526,-
629,50.98252892197,3.7778283920127,-
630,50.9825291032414,3.77782830751015,-
631,50.9825292845128,3.77782822300759,-
632,50.9825294657842,3.77782813850503,-
633,50.9825296470556,3.77782805400247,-
634,50.982529828327,3.77782796949991,-
635,50.9825300095984,3.77782788499736,-
636,50.9825301908698,3.7778278004948,-
637,50.9825303721412,3.77782771599224,-
638,50.9825305534126,3.77782763148968,-
639,50.982530734684,3.77782754698713,-
640,50.9825309159554,3.77782746248457,-
641,50.9825310972268,3.77782737798201,-
642,50.9825312784981,3.77782729347945,-
643,50.9825314597695,3.7778272089769,-
644,50.9825316410409,3.77782712447434,-
645,50.9825318223123,3.77782703997178,-
646,50.9825320035837,3.77782695546922,-
647,50.9825321848551,3.77782687096666,-
648,50.9825323661265,3.77782678646411,-
649,50.9825325473979,3.77782670196155,-
650,50.9825327286693,3.77782661745899,-
651,50.9825329099407,3.77782653295643,-
652,50.9825330912121,3.77782644845388,-
653,50.9825332724835,3.77782636395132,-
654,50.9825334537549,3.77782627944876,-
655,50.9825336350263,3.7778261949462,-
656,50.9825338162976,3.77782611044364,-
657,50.982533997569,3.77782602594109,-
658,50.9825341788404,3.77782594143853,-
659,50.9825343601118,3.77782585693597,-
660,50.9825345413832,3.77782577243341,-
661,50.9825347226546,3.77782568793086,-
662,50.982534903926,3.7778256034283,-
663,50.9825350851974,3.77782551892574,-
664,50.9825352664688,3.77782543442318,-
665,50.9825354477402,3.77782534992062,-
666,50.9825356290116,3.77782526541807,-
667,50.982535810283,3.77782518091551,-
668,50.9825359915544,3.77782509641295,-
669,50.9825361728257,3.77782501191039,-
670,50.9825363540971,3.77782492740784,-
671,50.9825365353685,3.77782484290528,-
672,50.9825367166399,3.77782475840272,-
673,50.9825368979113,3.77782467390016,-
674,50.9825370791827,3.77782458939761,-
675,50.9825372604541,3.77782450489505,-
676,50.9825374417255,3.77782442039249,-
677,50.9825376229969,3.77782433588993,-
678,50.9825378042683,3.77782425138737,-
679,50.9825379855397,3.77782416688482,-
680,50.9825381668111,3.77782408238226,-
681,50.9825383480824,3.7778239978797,-
682,50.9825385293538,3.77782391337714,-
683,50.9825387106252,3.77782382887459,-
684,50.9825388918966,3.77782374437203,-
685,50.982539073168,3.77782365986947,-
686,50.9825392544394,3.77782357536691,-
687,50.9825394357108,3.77782349086435,-
688,50.9825396169822,3.7778234063618,-
689,50.9825397982536,3.77782332185924,-
690,50.982539979525,3.77782323735668,-
691,50.9825401607964,3.77782315285412,-
692,50.9825403420678,3.77782306835157,-
693,50.9825405233392,3.77782298384901,-
694,50.9825407090816,3.77782291068513,-
695,50.982540899242,3.77782284872526,-
696,50.9825410894024,3.77782278676539,-
697,50.9825412795628,3.77782272480552,-
698,50.9825414697232,3.77782266284565,-
699,50.9825416598836,3.77782260088578,-
700,50.982541850044,3.77782253892592,-
701,50.9825420402044,3.77782247696605,-
702,50.9825422303647,3.77782241500618,-
703,50.9825424205251,3.77782235304631,-
704,50.9825426106855,3.77782229108644,-
705,50.9825428008459,3.77782222912657,-
706,50.9825429910063,3.7778221671667,-
707,50.9825431811667,3.77782210520684,-
708,50.9825433713271,3.77782204324697,-
709,50.9825435614875,3.7778219812871,-
710,50.9825437516479,3.77782191932723,-
711,50.9825439418083,3.77782185736736,-
712,50.9825441319687,3.77782179540749,-
713,50.9825443221291,3.77782173344763,-
714,50.9825445122894,3.77782167148776,-
715,50.9825447024498,3.77782160952789,-
716,50.9825448926102,3.77782154756802,-
717,50.9825450827706,3.77782148560815,-
718,50.982545272931,3.77782142364828,-
719,50.9825454630914,3.77782136168842,-
720,50.9825456532518,3.77782129972855,-
721,50.9825458434122,3.77782123776868,-
722,50.9825460335726,3.77782117580881,-
723,50.982546223733,3.77782111384894,-
724,50.9825464138934,3.77782105188907,-
725,50.9825466040538,3.77782098992921,-
726,50.9825467942142,3.77782092796934,-
727,50.9825469843745,3.77782086600947,-
728,50.9825471745349,3.7778208040496,-
729,50.9825473646953,3.77782074208973,-
730,50.9825475548557,3.77782068012986,-
731,50.9825477450161,3.77782061816999,-
732,50.9825479351765,3.77782055621013,-
733,50.9825481253369,3.77782049425026,-
734,50.9825483154973,3.77782043229039,-
735,50.9825485056577,3.77782037033052,-
736,50.9825486958181,3.77782030837065,-
737,50.9825488859785,3.77782024641078,-
738,50.9825490761389,3.77782018445092,-
739,50.9825492662992,3.77782012249105,-
740,50.9825494564596,3.77782006053118,-
741,50.98254964662,3.77781999857131,-
742,50.9825498367804,3.77781993661144,-
743,50.9825500269408,3.77781987465157,-
744,50.9825502171012,3.77781981269171,-
745,50.9825504072616,3.77781975073184,-
746,50.982550597422,3.77781968877197,-
747,50.9825507875824,3.7778196268121,-
748,50.9825509777428,3.77781956485223,-
749,50.9825511679032,3.77781950289236,-
750,50.9825513580636,3.77781944093249,-
751,50.982551548224,3.77781937897263,-
752,50.9825517383843,3.77781931701276,-
753,50.9825519285447,3.77781925505289,-
754,50.9825521187051,3.77781919309302,-
755,50.9825523088655,3.77781913113315,-
756,50.9825524990259,3.77781906917328,-
757,50.9825526891863,3.77781900721342,-
758,50.9825528793467,3.77781894525355,-
759,50.9825530695071,3.77781888329368,-
760,50.9825532596675,3.77781882133381,-
761,50.9825534498279,3.77781875937394,-
762,50.9825536399883,3.77781869741407,-
763,50.9825538301487,3.77781863545421,-
764,50.982554020309,3.77781857349434,-
765,50.9825542104694,3.77781851153447,-
766,50.9825544006298,3.7778184495746,-
767,50.9825545907902,3.77781838761473,-
768,50.9825547809506,3.77781832565486,-
769,50.982554971111,3.777818263695,-
770,50.9825551612714,3.77781820173513,-
771,50.9825553514318,3.77781813977526,-
772,50.9825555415922,3.77781807781539,-
773,50.9825557317526,3.77781801585552,-
774,50.982555921913,3.77781795389565,-
775,50.9825561120734,3.77781789193578,-
776,50.9825563022338,3.77781782997592,-
777,50.9825564923941,3.77781776801605,-
778,50.9825566825545,3.77781770605618,-
779,50.9825568727149,3.77781764409631,-
780,50.9825570628753,3.77781758213644,-
781,50.9825572530357,3.77781752017657,-
782,50.9825574431961,3.77781745821671,-
783,50.9825576333565,3.77781739625684,-
784,50.9825578235169,3.77781733429697,-
785,50.9825580136773,3.7778172723371,-
786,50.9825582038377,3.77781721037723,-
787,50.9825583939981,3.77781714841736,-
788,50.9825585841585,3.7778170864575,-
789,50.9825587743188,3.77781702449763,-
790,50.9825589644792,3.77781696253776,-
791,50.9825591546396,3.77781690057789,-
792,50.9825593448,3.77781683861802,-
793,50.9825595349604,3.77781677665815,-
794,50.9825597251208,3.77781671469829,-
795,50.9825599152812,3.77781665273842,-
796,50.9825601054416,3.77781659077855,-
797,50.982560295602,3.77781652881868,-
798,50.9825604857624,3.77781646685881,-
799,50.9825606759228,3.77781640489894,-
800,50.9825608660832,3.77781634293907,-
801,50.9825610562436,3.77781628097921,-
802,50.9825612464039,3.77781621901934,-
803,50.9825614365643,3.77781615705947,-
804,50.9825616267247,3.7778160950996,-
805,50.9825618168851,3.77781603313973,-
806,50.9825620070455,3.77781597117986,-
807,50.9825621972059,3.77781590922,-
808,50.9825623873663,3.77781584726013,-
809,50.9825625775267,3.77781578530026,-
810,50.9825627676871,3.77781572334039,-
811,50.9825629578475,3.77781566138052,-
812,50.9825631480079,3.77781559942065,-
813,50.9825633381683,3.77781553746079,-
814,50.9825635283287,3.77781547550092,-
815,50.982563718489,3.77781541354105,-
816,50.9825639086494,3.77781535158118,-
817,50.9825640988098,3.77781528962131,-
818,50.9825642889702,3.77781522766144,-
819,50.9825644791306,3.77781516570158,-
820,50.982564669291,3.77781510374171,-
821,50.9825648594514,3.77781504178184,-
822,50.9825650496118,3.77781497982197,-
823,50.9825652397722,3.7778149178621,-
824,50.9825654299326,3.77781485590223,-
825,50.982565620093,3.77781479394236,-
826,50.9825658102534,3.7778147319825,-
827,50.9825660004137,3.77781467002263,-
828,50.9825661905741,3.77781460806276,-
829,50.9825663807345,3.77781454610289,-
830,50.9825665708949,3.77781448414302,-
831,50.9825667610553,3.77781442218315,-
832,50.9825669512157,3.77781436022329,-
833,50.9825671413761,3.77781429826342,-
834,50.9825673315365,3.77781423630355,-
835,50.9825675216969,3.77781417434368,-
836,50.9825677118573,3.77781411238381,-
837,50.9825679020177,3.77781405042394,-
838,50.9825680921781,3.77781398846408,-
839,50.9825682823385,3.77781392650421,-
840,50.9825684724988,3.77781386454434,-
841,50.9825686626592,3.77781380258447,-
842,50.9825688528196,3.7778137406246,-
843,50.98256904298,3.77781367866473,-
844,50.9825692331404,3.77781361670487,-
845,50.9825694233008,3.777813554745,-
846,50.9825696134612,3.77781349278513,-
847,50.9825698036216,3.77781343082526,-
848,50.982569993782,3.77781336886539,-
849,50.9825701839424,3.77781330690552,-
850,50.9825703741028,3.77781324494565,-
851,50.9825705642632,3.77781318298579,-
852,50.9825707544235,3.77781312102592,-
853,50.9825709445839,3.77781305906605,-
854,50.9825711347443,3.77781299710618,-
855,50.9825713249047,3.77781293514631,-
856,50.9825715150651,3.77781287318644,-
857,50.9825717052255,3.77781281122658,-
858,50.9825718953859,3.77781274926671,-
859,50.9825720855463,3.77781268730684,-
860,50.9825722757067,3.77781262534697,-
861,50.9825724658671,3.7778125633871,-
862,50.9825726560275,3.77781250142723,-
863,50.9825728461879,3.77781243946737,-
864,50.9825730363483,3.7778123775075,-
865,50.9825732265086,3.77781231554763,-
866,50.982573416669,3.77781225358776,-
867,50.9825736068294,3.77781219162789,-
868,50.9825737969898,3.77781212966802,-
869,50.9825739871502,3.77781206770816,-
870,50.9825741773106,3.77781200574829,-
871,50.982574367471,3.77781194378842,-
872,50.9825745576314,3.77781188182855,-
873,50.9825747477918,3.77781181986868,-
874,50.9825749379522,3.77781175790881,-
875,50.9825751281126,3.77781169594894,-
876,50.982575318273,3.77781163398908,-
877,50.9825755084333,3.77781157202921,-
878,50.9825756985937,3.77781151006934,-
879,50.9825758887541,3.77781144810947,-
880,50.9825760789145,3.7778113861496,-
881,50.9825762690749,3.77781132418973,-
882,50.9825764592353,3.77781126222987,-
883,50.9825766493957,3.77781120027,-
884,50.9825768395561,3.77781113831013,-
885,50.9825770297165,3.77781107635026,-
886,50.9825772198769,3.77781101439039,-
887,50.9825774100373,3.77781095243052,-
888,50.9825776001977,3.77781089047066,-
889,50.9825777903581,3.77781082851079,-
890,50.9825779805185,3.77781076655092,-
891,50.9825781706788,3.77781070459105,-
892,50.9825783608392,3.77781064263118,-
893,50.9825785509996,3.77781058067131,-
894,50.98257874116,3.77781051871145,-
895,50.9825789313204,3.77781045675158,-
896,50.9825791214808,3.77781039479171,-
897,50.9825793116412,3.77781033283184,-
898,50.9825795018016,3.77781027087197,-
899,50.982579691962,3.7778102089121,-
900,50.9825798821224,3.77781014695223,-
901,50.9825800722828,3.77781008499237,-
902,50.9825802624432,3.7778100230325,-
903,50.9825804526035,3.77780996107263,-
904,50.9825806427639,3.77780989911276,-
905,50.9825808329243,3.77780983715289,-
906,50.9825810230847,3.77780977519302,-
907,50.9825812132451,3.77780971323316,-
908,50.9825814034055,3.77780965127329,-
909,50.9825815935659,3.77780958931342,-
910,50.9825817837263,3.77780952735355,-
911,50.9825819738867,3.77780946539368,-
912,50.9825821640471,3.77780940343381,-
913,50.9825823542075,3.77780934147395,-
914,50.9825825443679,3.77780927951408,-
915,50.9825827345283,3.77780921755421,-
916,50.9825829246886,3.77780915559434,-
917,50.982583114849,3.77780909363447,-
918,50.9825833050094,3.7778090316746,-
919,50.9825834951698,3.77780896971474,-
920,50.9825836853302,3.77780890775487,-
921,50.9825838754906,3.777808845795,-
922,50.982584065651,3.77780878383513,-
923,50.9825842558114,3.77780872187526,-
924,50.9825844459718,3.77780865991539,-
925,50.9825846361322,3.77780859795553,-
926,50.9825848262926,3.77780853599566,-
927,50.982585016453,3.77780847403579,-
928,50.9825852066133,3.77780841207592,-
929,50.9825853967737,3.77780835011605,-
930,50.9825855869341,3.77780828815618,-
931,50.9825857770945,3.77780822619631,-
932,50.9825859672549,3.77780816423645,-
933,50.9825861574153,3.77780810227658,-
934,50.9825863475757,3.77780804031671,-
935,50.9825865377361,3.77780797835684,-
936,50.9825867278965,3.77780791639697,-
937,50.9825869180569,3.7778078544371,-
938,50.9825871082173,3.77780779247724,-
939,50.9825872983777,3.77780773051737,-
940,50.9825874885381,3.7778076685575,-
941,50.9825876786984,3.77780760659763,-
942,50.9825878688588,3.77780754463776,-
943,50.9825880438358,3.77780745614852,-
944,50.9825881935806,3.77780732357214,-
945,50.9825883433254,3.77780719099575,-
946,50.9825884930702,3.77780705841936,-
947,50.982588642815,3.77780692584298,-
948,50.9825887925597,3.77780679326659,-
949,50.9825889423045,3.7778066606902,-
950,50.9825890920493,3.77780652811382,-
951,50.9825892417941,3.77780639553743,-
952,50.9825893915389,3.77780626296104,-
953,50.9825895412837,3.77780613038466,-
954,50.9825896910285,3.77780599780827,-
955,50.9825898407733,3.77780586523188,-
956,50.9825899905181,3.7778057326555,-
957,50.9825901402628,3.77780560007911,-
958,50.9825902900076,3.77780546750272,-
959,50.9825904397524,3.77780533492634,-
960,50.9825905894972,3.77780520234995,-
961,50.982590739242,3.77780506977356,-
962,50.9825908889868,3.77780493719718,-
963,50.9825910387316,3.77780480462079,-
964,50.9825911884764,3.7778046720444,-
965,50.9825913382212,3.77780453946802,-
966,50.9825914879659,3.77780440689163,-
967,50.9825916377107,3.77780427431524,-
968,50.9825917874555,3.77780414173886,-
969,50.9825919372003,3.77780400916247,-
970,50.9825920869451,3.77780387658608,-
971,50.9825922366899,3.7778037440097,-
972,50.9825923864347,3.77780361143331,-
973,50.9825925361795,3.77780347885692,-
974,50.9825926859242,3.77780334628054,-
975,50.982592835669,3.77780321370415,-
976,50.9825929854138,3.77780308112776,-
977,50.9825931351586,3.77780294855138,-
978,50.9825932849034,3.77780281597499,-
979,50.9825934346482,3.7778026833986,-
980,50.982593584393,3.77780255082222,-
981,50.9825937341378,3.77780241824583,-
982,50.9825938838826,3.77780228566944,-
983,50.9825940336273,3.77780215309306,-
984,50.9825941833721,3.77780202051667,-
985,50.9825943331169,3.77780188794028,-
986,50.9825944828617,3.7778017553639,-
987,50.9825946326065,3.77780162278751,-
988,50.9825947823513,3.77780149021112,-
989,50.9825949320961,3.77780135763474,-
990,50.9825950818409,3.77780122505835,-
991,50.9825952315857,3.77780109248196,-
992,50.9825953813304,3.77780095990558,-
993,50.9825955310752,3.77780082732919,-
994,50.98259568082,3.7778006947528,-
995,50.9825958305648,3.77780056217642,-
996,50.9825959803096,3.77780042960003,-
997,50.9825961300544,3.77780029702364,-
998,50.9825962797992,3.77780016444726,-
999,50.982596429544,3.77780003187087,-
1000,50.9825965792887,3.77779989929448,-
1001,50.9825967290335,3.7777997667181,-
1002,50.9825968787783,3.77779963414171,-
1003,50.9825970285231,3.77779950156532,-
1004,50.9825971782679,3.77779936898894,-
1005,50.9825973280127,3.77779923641255,-
1006,50.9825974777575,3.77779910383616,-
1007,50.9825976275023,3.77779897125978,-
1008,50.9825977772471,3.77779883868339,-
1009,50.9825979269918,3.777798706107,-
1010,50.9825980767366,3.77779857353062,-
1011,50.9825982264814,3.77779844095423,-
1012,50.9825983762262,3.77779830837784,-
1013,50.982598525971,3.77779817580145,-
1014,50.9825986757158,3.77779804322507,-
1015,50.9825988254606,3.77779791064868,-
1016,50.9825989752054,3.77779777807229,-
1017,50.9825991249502,3.77779764549591,-
1018,50.9825992746949,3.77779751291952,-
1019,50.9825994244397,3.77779738034313,-
1020,50.9825995741845,3.77779724776675,-
1021,50.9825997239293,3.77779711519036,-
1022,50.9825998736741,3.77779698261397,-
1023,50.9826000234189,3.77779685003759,-
1024,50.9826001731637,3.7777967174612,-
1025,50.9826003229085,3.77779658488481,-
1026,50.9826004726533,3.77779645230843,-
1027,50.982600622398,3.77779631973204,-
1028,50.9826007721428,3.77779618715565,-
1029,50.9826009218876,3.77779605457927,-
1030,50.9826010716324,3.77779592200288,-
1031,50.9826012213772,3.77779578942649,-
1032,50.982601371122,3.77779565685011,-
1033,50.9826015208668,3.77779552427372,-
1034,50.9826016706116,3.77779539169733,-
1035,50.9826018203564,3.77779525912095,-
1036,50.9826019701011,3.77779512654456,-
1037,50.9826021198459,3.77779499396817,-
1038,50.9826022695907,3.77779486139179,-
1039,50.9826024193355,3.7777947288154,-
1040,50.9826025690803,3.77779459623901,-
1041,50.9826027188251,3.77779446366263,-
1042,50.9826028685699,3.77779433108624,-
1043,50.9826030183147,3.77779419850985,-
1044,50.9826031680594,3.77779406593347,-
1045,50.9826033178042,3.77779393335708,-
1046,50.982603467549,3.77779380078069,-
1047,50.9826036172938,3.77779366820431,-
1048,50.9826037670386,3.77779353562792,-
1049,50.9826039167834,3.77779340305153,-
1050,50.9826040665282,3.77779327047515,-
1051,50.982604216273,3.77779313789876,-
1052,50.9826043660178,3.77779300532237,-
1053,50.9826045157625,3.77779287274599,-
1054,50.9826046655073,3.7777927401696,-
1055,50.9826048152521,3.77779260759321,-
1056,50.9826049649969,3.77779247501683,-
1057,50.9826051147417,3.77779234244044,-
1058,50.9826052644865,3.77779220986405,-
1059,50.9826054142313,3.77779207728767,-
1060,50.9826055639761,3.77779194471128,-
1061,50.9826057137209,3.77779181213489,-
1062,50.9826058634656,3.77779167955851,-
1063,50.9826060132104,3.77779154698212,-
1064,50.9826061629552,3.77779141440573,-
1065,50.9826063127,3.77779128182935,-
1066,50.9826064624448,3.77779114925296,-
1067,50.9826066121896,3.77779101667657,-
1068,50.9826067619344,3.77779088410019,-
1069,50.9826069116792,3.7777907515238,-
1070,50.9826070614239,3.77779061894741,-
1071,50.9826072111687,3.77779048637103,-
1072,50.9826073609135,3.77779035379464,-
1073,50.9826075106583,3.77779022121825,-
1074,50.9826076604031,3.77779008864187,-
1075,50.9826078101479,3.77778995606548,-
1076,50.9826079598927,3.77778982348909,-
1077,50.9826081096375,3.77778969091271,-
1078,50.9826082593823,3.77778955833632,-
1079,50.982608409127,3.77778942575993,-
1080,50.9826085588718,3.77778929318355,-
1081,50.9826087086166,3.77778916060716,-
1082,50.9826088583614,3.77778902803077,-
1083,50.9826090081062,3.77778889545439,-
1084,50.982609157851,3.777788762878,-
1085,50.9826093075958,3.77778863030161,-
1086,50.9826094573406,3.77778849772523,-
1087,50.9826096070854,3.77778836514884,-
1088,50.9826097568301,3.77778823257245,-
1089,50.9826099065749,3.77778809999607,-
1090,50.9826100563197,3.77778796741968,-
1091,50.9826102060645,3.77778783484329,-
1092,50.9826103558093,3.77778770226691,-
1093,50.9826105055541,3.77778756969052,-
1094,50.9826106552989,3.77778743711413,-
1095,50.9826108050437,3.77778730453775,-
1096,50.9826109547884,3.77778717196136,-
1097,50.9826111045332,3.77778703938497,-
1098,50.982611254278,3.77778690680858,-
1099,50.9826114040228,3.7777867742322,-
1100,50.9826115537676,3.77778664165581,-
1101,50.9826117035124,3.77778650907943,-
1102,50.9826118532572,3.77778637650304,-
1103,50.982612003002,3.77778624392665,-
1104,50.9826121527468,3.77778611135026,-
1105,50.9826123024915,3.77778597877388,-
1106,50.9826124522363,3.77778584619749,-
1107,50.9826126019811,3.7777857136211,-
1108,50.9826127283033,3.77778556239769,-
1109,50.9826128239419,3.77778538674673,-
1110,50.9826129195805,3.77778521109578,-
1111,50.9826130152191,3.77778503544482,-
1112,50.9826131108577,3.77778485979387,-
1113,50.9826132064963,3.77778468414291,-
1114,50.9826133021349,3.77778450849196,-
1115,50.9826133977735,3.777784332841,-
1116,50.9826134934121,3.77778415719005,-
1117,50.9826135890507,3.77778398153909,-
1118,50.9826136846893,3.77778380588814,-
1119,50.9826137803279,3.77778363023718,-
1120,50.9826138759665,3.77778345458623,-
1121,50.9826139716051,3.77778327893527,-
1122,50.9826140672437,3.77778310328432,-
1123,50.9826141628823,3.77778292763336,-
1124,50.9826142585209,3.77778275198241,-
1125,50.9826143541595,3.77778257633145,-
1126,50.9826144497981,3.7777824006805,-
1127,50.9826145454367,3.77778222502954,-
1128,50.9826146410753,3.77778204937859,-
1129,50.9826147367139,3.77778187372763,-
1130,50.9826148323525,3.77778169807668,-
1131,50.9826149279911,3.77778152242572,-
1132,50.9826150236297,3.77778134677477,-
1133,50.9826151192683,3.77778117112381,-
1134,50.9826152149069,3.77778099547286,-
1135,50.9826153105455,3.7777808198219,-
1136,50.9826154061841,3.77778064417095,-
1137,50.9826155018227,3.77778046851999,-
1138,50.9826155974613,3.77778029286904,-
1139,50.9826156930999,3.77778011721808,-
1140,50.9826157887385,3.77777994156713,-
1141,50.9826158843771,3.77777976591617,-
1142,50.9826159800157,3.77777959026522,-
1143,50.9826160756543,3.77777941461426,-
1144,50.9826161712929,3.77777923896331,-
1145,50.9826162669315,3.77777906331235,-
1146,50.9826163625701,3.7777788876614,-
1147,50.9826164582087,3.77777871201044,-
1148,50.9826165538473,3.77777853635949,-
1149,50.9826166494859,3.77777836070853,-
1150,50.9826167451245,3.77777818505758,-
1151,50.9826168407631,3.77777800940662,-
1152,50.9826169364017,3.77777783375567,-
1153,50.9826170320403,3.77777765810471,-
1154,50.9826171276789,3.77777748245376,-
1155,50.9826172233175,3.7777773068028,-
1156,50.9826173189561,3.77777713115185,-
1157,50.9826174145947,3.77777695550089,-
1158,50.9826175102333,3.77777677984994,-
1159,50.9826176058719,3.77777660419898,-
1160,50.9826177015105,3.77777642854803,-
1161,50.9826177971491,3.77777625289707,-
1162,50.9826178927877,3.77777607724611,-
1163,50.9826179884263,3.77777590159516,-
1164,50.9826180840649,3.77777572594421,-
1165,50.9826181797035,3.77777555029325,-
1166,50.9826182753421,3.77777537464229,-
1167,50.9826183709807,3.77777519899134,-
1168,50.9826184666193,3.77777502334039,-
1169,50.9826185622579,3.77777484768943,-
1170,50.9826186578965,3.77777467203848,-
1171,50.9826187535351,3.77777449638752,-
1172,50.9826188491737,3.77777432073657,-
1173,50.9826189448123,3.77777414508561,-
1174,50.9826190404509,3.77777396943466,-
1175,50.9826191360895,3.7777737937837,-
1176,50.9826192317281,3.77777361813274,-
1177,50.9826193273667,3.77777344248179,-
1178,50.9826194230053,3.77777326683083,-
1179,50.9826195186439,3.77777309117988,-
1180,50.9826196142825,3.77777291552892,-
1181,50.9826197099212,3.77777273987797,-
1182,50.9826198055598,3.77777256422701,-
1183,50.9826199011983,3.77777238857606,-
1184,50.982619996837,3.7777722129251,-
1185,50.9826200924755,3.77777203727415,-
1186,50.9826201881142,3.77777186162319,-
1187,50.9826202837528,3.77777168597224,-
1188,50.9826203793914,3.77777151032128,-
1189,50.98262047503,3.77777133467033,-
1190,50.9826205706686,3.77777115901937,-
1191,50.9826206663072,3.77777098336842,-
1192,50.9826207619458,3.77777080771746,-
1193,50.9826208575844,3.77777063206651,-
1194,50.982620953223,3.77777045641555,-
1195,50.9826210488616,3.7777702807646,-
1196,50.9826211445002,3.77777010511364,-
1197,50.9826212401388,3.77776992946269,-
1198,50.9826213357774,3.77776975381173,-
1199,50.982621431416,3.77776957816078,-
1200,50.9826215270546,3.77776940250982,-
1201,50.9826216226932,3.77776922685887,-
1202,50.9826217183318,3.77776905120791,-
1203,50.9826218139704,3.77776887555696,-
1204,50.982621909609,3.777768699906,-
1205,50.9826220052476,3.77776852425505,-
1206,50.9826221008862,3.77776834860409,-
1207,50.9826221965248,3.77776817295314,-
1208,50.9826222921634,3.77776799730218,-
1209,50.982622387802,3.77776782165123,-
1210,50.9826224834406,3.77776764600027,-
1211,50.9826225790792,3.77776747034932,-
1212,50.9826226747178,3.77776729469836,-
1213,50.9826227703564,3.77776711904741,-
1214,50.982622865995,3.77776694339645,-
1215,50.9826229616336,3.7777667677455,-
1216,50.9826230572722,3.77776659209454,-
1217,50.9826231529108,3.77776641644359,-
1218,50.9826232485494,3.77776624079263,-
1219,50.982623344188,3.77776606514168,-
1220,50.9826234398266,3.77776588949072,-
1221,50.9826235354652,3.77776571383977,-
1222,50.9826236311038,3.77776553818881,-
1223,50.9826237267424,3.77776536253786,-
1224,50.982623822381,3.7777651868869,-
1225,50.9826239180196,3.77776501123595,-
1226,50.9826240136582,3.77776483558499,-
1227,50.9826241092968,3.77776465993404,-
1228,50.9826242049354,3.77776448428308,-
1229,50.982624300574,3.77776430863213,-
1230,50.9826243962126,3.77776413298117,-
1231,50.9826244918512,3.77776395733022,-
1232,50.9826245874898,3.77776378167926,-
1233,50.9826246831284,3.77776360602831,-
1234,50.982624778767,3.77776343037735,-
1235,50.9826248744056,3.7777632547264,-
1236,50.9826249700442,3.77776307907544,-
1237,50.9826250656828,3.77776290342449,-
1238,50.9826251613214,3.77776272777353,-
1239,50.98262525696,3.77776255212258,-
1240,50.9826253525986,3.77776237647162,-
1241,50.9826254482372,3.77776220082067,-
1242,50.9826255438758,3.77776202516971,-
1243,50.9826256395144,3.77776184951876,-
1244,50.9826257077524,3.77776166163549,-
1245,50.9826257746681,3.77776147316191,-
1246,50.9826258415838,3.77776128468834,-
1247,50.9826259084995,3.77776109621476,-
1248,50.9826259754152,3.77776090774119,-
1249,50.9826260423309,3.77776071926761,-
1250,50.9826261092466,3.77776053079404,-
1251,50.9826261761623,3.77776034232046,-
1252,50.982626243078,3.77776015384689,-
1253,50.9826263099937,3.77775996537331,-
1254,50.9826263769095,3.77775977689974,-
1255,50.9826264438252,3.77775958842616,-
1256,50.9826265107409,3.77775939995259,-
1257,50.9826265776566,3.77775921147901,-
1258,50.9826266445723,3.77775902300543,-
1259,50.982626711488,3.77775883453186,-
1260,50.9826267784037,3.77775864605828,-
1261,50.9826268453194,3.77775845758471,-
1262,50.9826269122351,3.77775826911113,-
1263,50.9826269791508,3.77775808063756,-
1264,50.9826270460665,3.77775789216398,-
1265,50.9826271129822,3.77775770369041,-
1266,50.9826271798979,3.77775751521683,-
1267,50.9826272468136,3.77775732674326,-
1268,50.9826273137293,3.77775713826968,-
1269,50.982627380645,3.77775694979611,-
1270,50.9826274475607,3.77775676132253,-
1271,50.9826275144764,3.77775657284896,-
1272,50.9826275813921,3.77775638437538,-
1273,50.9826276483078,3.7777561959018,-
1274,50.9826277152235,3.77775600742823,-
1275,50.9826277821392,3.77775581895465,-
1276,50.9826278490549,3.77775563048108,-
1277,50.9826279159706,3.7777554420075,-
1278,50.9826279828863,3.77775525353393,-
1279,50.982628049802,3.77775506506035,-
1280,50.9826281167177,3.77775487658678,-
1281,50.9826281836334,3.7777546881132,-
1282,50.9826282505491,3.77775449963963,-
1283,50.9826283174649,3.77775431116605,-
1284,50.9826283843806,3.77775412269247,-
1285,50.9826284512963,3.7777539342189,-
1286,50.982628518212,3.77775374574532,-
1287,50.9826285851277,3.77775355727175,-
1288,50.9826286520434,3.77775336879817,-
1289,50.9826287189591,3.7777531803246,-
1290,50.9826287858748,3.77775299185102,-
1291,50.9826288527905,3.77775280337745,-
1292,50.9826289197062,3.77775261490387,-
1293,50.9826289866219,3.7777524264303,-
1294,50.9826290535376,3.77775223795672,-
1295,50.9826291204533,3.77775204948315,-
1296,50.982629187369,3.77775186100957,-
1297,50.9826292542847,3.77775167253599,-
1298,50.9826293212004,3.77775148406242,-
1299,50.9826293881161,3.77775129558884,-
1300,50.9826294550318,3.77775110711527,-
1301,50.9826295219475,3.77775091864169,-
1302,50.9826295888632,3.77775073016812,-
1303,50.9826296557789,3.77775054169454,-
1304,50.9826297226946,3.77775035322097,-
1305,50.9826297896103,3.77775016474739,-
1306,50.982629856526,3.77774997627382,-
1307,50.9826299234417,3.77774978780024,-
1308,50.9826299903574,3.77774959932667,-
1309,50.9826300572731,3.77774941085309,-
1310,50.9826301241888,3.77774922237951,-
1311,50.9826301911045,3.77774903390594,-
1312,50.9826302580203,3.77774884543236,-
1313,50.982630324936,3.77774865695879,-
1314,50.9826303918517,3.77774846848521,-
1315,50.9826304587674,3.77774828001164,-
1316,50.9826305256831,3.77774809153806,-
1317,50.9826305925988,3.77774790306449,-
1318,50.9826306595145,3.77774771459091,-
1319,50.9826307264302,3.77774752611734,-
1320,50.9826307933459,3.77774733764376,-
1321,50.9826308602616,3.77774714917019,-
1322,50.9826309271773,3.77774696069661,-
1323,50.982630994093,3.77774677222303,-
1324,50.9826310610087,3.77774658374946,-
1325,50.9826311279244,3.77774639527588,-
1326,50.9826311948401,3.77774620680231,-
1327,50.9826312617558,3.77774601832873,-
1328,50.9826313286715,3.77774582985516,-
1329,50.9826313955872,3.77774564138158,-
1330,50.9826314625029,3.77774545290801,-
1331,50.9826315294186,3.77774526443443,-
1332,50.9826315963343,3.77774507596086,-
1333,50.98263166325,3.77774488748728,-
1334,50.9826317301657,3.77774469901371,-
1335,50.9826317970814,3.77774451054013,-
1336,50.9826318639971,3.77774432206655,-
1337,50.9826319309128,3.77774413359298,-
1338,50.9826319978285,3.7777439451194,-
1339,50.9826320647442,3.77774375664583,-
1340,50.9826321316599,3.77774356817225,-
1341,50.9826321985757,3.77774337969868,-
1342,50.9826322654914,3.7777431912251,-
1343,50.9826323324071,3.77774300275153,-
1344,50.9826323993228,3.77774281427795,-
1345,50.9826324662385,3.77774262580438,-
1346,50.9826325331542,3.7777424373308,-
1347,50.9826326000699,3.77774224885722,-
1348,50.9826326669856,3.77774206038365,-
1349,50.9826327339013,3.77774187191007,-
1350,50.982632800817,3.7777416834365,-
1351,50.9826328677327,3.77774149496292,-
1352,50.9826329346484,3.77774130648935,-
1353,50.9826330015641,3.77774111801577,-
1354,50.9826330684798,3.7777409295422,-
1355,50.9826331353955,3.77774074106862,-
1356,50.9826332023112,3.77774055259505,-
1357,50.9826332692269,3.77774036412147,-
1358,50.9826333361426,3.7777401756479,-
1359,50.9826334030583,3.77773998717432,-
1360,50.982633469974,3.77773979870074,-
1361,50.9826335368897,3.77773961022717,-
1362,50.9826336038054,3.77773942175359,-
1363,50.9826336707211,3.77773923328002,-
1364,50.9826337376368,3.77773904480644,-
1365,50.9826338045525,3.77773885633287,-
1366,50.9826338714682,3.77773866785929,-
1367,50.9826339383839,3.77773847938572,-
1368,50.9826340052997,3.77773829091214,-
1369,50.9826340722154,3.77773810243857,-
1370,50.9826341391311,3.77773791396499,-
1371,50.9826342060468,3.77773772549142,-
1372,50.9826342729625,3.77773753701784,-
1373,50.9826343398782,3.77773734854426,-
1374,50.9826344067939,3.77773716007069,-
1375,50.9826344737096,3.77773697159711,-
1376,50.9826345406253,3.77773678312354,-
1377,50.982634607541,3.77773659464996,-
1378,50.9826346744567,3.77773640617639,-
1379,50.9826347413724,3.77773621770281,-
1380,50.9826348082881,3.77773602922924,-
1381,50.9826348752038,3.77773584075566,-
1382,50.9826349421195,3.77773565228209,-
1383,50.9826350090352,3.77773546380851,-
1384,50.9826350759509,3.77773527533494,-
1385,50.9826351428666,3.77773508686136,-
1386,50.9826352097823,3.77773489838778,-
1387,50.982635276698,3.77773470991421,-
1388,50.9826353436137,3.77773452144063,-
1389,50.9826354105294,3.77773433296706,-
1390,50.9826354774451,3.77773414449348,-
1391,50.9826355443608,3.77773395601991,-
1392,50.9826356112765,3.77773376754633,-
1393,50.9826356781922,3.77773357907276,-
1394,50.9826357451079,3.77773339059918,-
1395,50.9826358120236,3.77773320212561,-
1396,50.9826358789393,3.77773301365203,-
1397,50.9826359458551,3.77773282517845,-
1398,50.9826360127708,3.77773263670488,-
1399,50.9826360796865,3.7777324482313,-
1400,50.9826361466022,3.77773225975773,-
1401,50.9826362135179,3.77773207128415,-
1402,50.9826362804336,3.77773188281058,-
1403,50.9826363473493,3.777731694337,-
1404,50.982636414265,3.77773150586343,-
1405,50.9826364811807,3.77773131738985,-
1406,50.9826365480964,3.77773112891628,-
1407,50.9826366150121,3.7777309404427,-
1408,50.9826366819278,3.77773075196913,-
1409,50.9826367488435,3.77773056349555,-
1410,50.9826368157592,3.77773037502197,-
1411,50.9826368826749,3.7777301865484,-
1412,50.9826369495906,3.77772999807482,-
1413,50.9826370165063,3.77772980960125,-
1414,50.982637083422,3.77772962112767,-
1415,50.9826371503377,3.7777294326541,-
1416,50.9826372172534,3.77772924418052,-
1417,50.9826372841691,3.77772905570695,-
1418,50.9826373510848,3.77772886723337,-
1419,50.9826374180005,3.7777286787598,-
1420,50.9826374849162,3.77772849028622,-
1421,50.9826375518319,3.77772830181265,-
1422,50.9826376187476,3.77772811333907,-
1423,50.9826376856633,3.77772792486549,-
1424,50.9826377525791,3.77772773639192,-
1425,50.9826378194947,3.77772754791834,-
1426,50.9826378864105,3.77772735944477,-
1427,50.9826379533262,3.77772717097119,-
1428,50.9826380202419,3.77772698249762,-
1429,50.9826380871576,3.77772679402404,-
1430,50.9826381540733,3.77772660555047,-
1431,50.982638220989,3.77772641707689,-
1432,50.9826382879047,3.77772622860332,-
1433,50.9826383548204,3.77772604012974,-
1434,50.9826384217361,3.77772585165617,-
1435,50.9826384886518,3.77772566318259,-
1436,50.9826385555675,3.77772547470901,-
1437,50.9826386224832,3.77772528623544,-
1438,50.9826386893989,3.77772509776186,-
1439,50.9826387563146,3.77772490928829,-
1440,50.9826388232303,3.77772472081471,-
1441,50.982638890146,3.77772453234114,-
1442,50.9826389570617,3.77772434386756,-
1443,50.9826390239774,3.77772415539399,-
1444,50.9826390908931,3.77772396692041,-
1445,50.9826391578088,3.77772377844684,-
1446,50.9826392247245,3.77772358997326,-
1447,50.9826392916402,3.77772340149969,-
1448,50.9826393585559,3.77772321302611,-
1449,50.9826394254716,3.77772302455253,-
1450,50.9826394923873,3.77772283607896,-
1451,50.982639559303,3.77772264760538,-
1452,50.9826396262187,3.77772245913181,-
1453,50.9826396931345,3.77772227065823,-
1454,50.9826397600502,3.77772208218466,-
1455,50.9826398269659,3.77772189371108,-
1456,50.9826398938816,3.77772170523751,-
1457,50.9826399607973,3.77772151676393,-
1458,50.982640027713,3.77772132829036,-
1459,50.9826400946287,3.77772113981678,-
1460,50.9826401615444,3.77772095134321,-
1461,50.9826402284601,3.77772076286963,-
1462,50.9826402953758,3.77772057439605,-
1463,50.9826403622915,3.77772038592248,-
1464,50.9826404292072,3.7777201974489,-
1465,50.9826404961229,3.77772000897533,-
1466,50.9826405630386,3.77771982050175,-
1467,50.9826406299543,3.77771963202818,-
1468,50.98264069687,3.7777194435546,-
1469,50.9826407637857,3.77771925508103,-
1470,50.9826408307014,3.77771906660745,-
1471,50.9826408976171,3.77771887813388,-
1472,50.9826409645328,3.7777186896603,-
1473,50.9826410314485,3.77771850118673,-
1474,50.9826410983642,3.77771831271315,-
1475,50.9826411652799,3.77771812423957,-
1476,50.9826412321956,3.777717935766,-
1477,50.9826412991113,3.77771774729242,-
1478,50.982641366027,3.77771755881885,-
1479,50.9826414329427,3.77771737034527,-
1480,50.9826414998584,3.7777171818717,-
1481,50.9826415667741,3.77771699339812,-
1482,50.9826416336899,3.77771680492455,-
1483,50.9826417006056,3.77771661645097,-
1484,50.9826417675213,3.7777164279774,-
1485,50.982641834437,3.77771623950382,-
1486,50.9826419013527,3.77771605103024,-
1487,50.9826419682684,3.77771586255667,-
1488,50.9826420351841,3.77771567408309,-
1489,50.9826421020998,3.77771548560952,-
1490,50.9826421690155,3.77771529713594,-
1491,50.9826422359312,3.77771510866237,-
1492,50.9826423028469,3.77771492018879,-
1493,50.9826423697626,3.77771473171522,-
1494,50.9826424366783,3.77771454324164,-
1495,50.982642503594,3.77771435476807,-
1496,50.9826425705097,3.77771416629449,-
1497,50.9826426374254,3.77771397782092,-
1498,50.9826427043411,3.77771378934734,-
1499,50.9826427712568,3.77771360087376,-
1500,50.9826428381725,3.77771341240019,-
1501,50.9826429050882,3.77771322392661,-
1502,50.9826429720039,3.77771303545304,-
1503,50.9826430389196,3.77771284697946,-
1504,50.9826431058353,3.77771265850589,-
1505,50.982643172751,3.77771247003231,-
1506,50.9826432396667,3.77771228155874,-
1507,50.9826433065824,3.77771209308516,-
1508,50.9826433734981,3.77771190461159,-
1509,50.9826434404138,3.77771171613801,-
1510,50.9826435073295,3.77771152766444,-
1511,50.9826435742453,3.77771133919086,-
1512,50.982643641161,3.77771115071728,-
1513,50.9826437080767,3.77771096224371,-
1514,50.9826437749924,3.77771077377013,-
1515,50.9826438419081,3.77771058529656,-
1516,50.9826439088238,3.77771039682298,-
1517,50.9826439757395,3.77771020834941,-
1518,50.9826440426552,3.77771001987583,-
1519,50.9826441095709,3.77770983140226,-
1520,50.9826441764866,3.77770964292868,-
1521,50.9826442434023,3.77770945445511,-
1522,50.982644310318,3.77770926598153,-
1523,50.9826443772337,3.77770907750796,-
1524,50.9826444441494,3.77770888903438,-
1525,50.9826445110651,3.7777087005608,-
1526,50.9826445779808,3.77770851208723,-
1527,50.9826446448965,3.77770832361365,-
1528,50.9826447118122,3.77770813514008,-
1529,50.9826447787279,3.7777079466665,-
1530,50.9826448456436,3.77770775819293,-
1531,50.9826449125593,3.77770756971935,-
1532,50.982644979475,3.77770738124578,-
1533,50.9826450463907,3.7777071927722,-
1534,50.9826451133064,3.77770700429863,-
1535,50.9826451802221,3.77770681582505,-
1536,50.9826452471378,3.77770662735148,-
1537,50.9826453426113,3.77770645494223,-
1538,50.982645468937,3.77770629988796,-
1539,50.9826455952627,3.77770614483369,-
1540,50.9826457215883,3.77770598977943,-
1541,50.982645847914,3.77770583472516,-
1542,50.9826459742397,3.77770567967089,-
1543,50.9826461005653,3.77770552461662,-
1544,50.982646226891,3.77770536956236,-
1545,50.9826463532167,3.77770521450809,-
1546,50.9826464795423,3.77770505945382,-
1547,50.982646605868,3.77770490439955,-
1548,50.9826467321937,3.77770474934529,-
1549,50.9826468585193,3.77770459429102,-
1550,50.982646984845,3.77770443923675,-
1551,50.9826471111707,3.77770428418248,-
1552,50.9826472374963,3.77770412912822,-
1553,50.982647363822,3.77770397407395,-
1554,50.9826474901477,3.77770381901968,-
1555,50.9826476164733,3.77770366396541,-
1556,50.982647742799,3.77770350891115,-
1557,50.9826478691247,3.77770335385688,-
1558,50.9826479954503,3.77770319880261,-
1559,50.982648121776,3.77770304374834,-
1560,50.9826482481017,3.77770288869408,-
1561,50.9826483744273,3.77770273363981,-
1562,50.982648500753,3.77770257858554,-
1563,50.9826486270787,3.77770242353127,-
1564,50.9826487534043,3.77770226847701,-
1565,50.98264887973,3.77770211342274,-
1566,50.9826490060557,3.77770195836847,-
1567,50.9826491323813,3.7777018033142,-
1568,50.982649258707,3.77770164825994,-
1569,50.9826493850327,3.77770149320567,-
1570,50.9826495113583,3.7777013381514,-
1571,50.982649637684,3.77770118309713,-
1572,50.9826497640097,3.77770102804287,-
1573,50.9826498903353,3.7777008729886,-
1574,50.982650016661,3.77770071793433,-
1575,50.9826501429867,3.77770056288007,-
1576,50.9826502693123,3.7777004078258,-
1577,50.982650395638,3.77770025277153,-
1578,50.9826505219637,3.77770009771726,-
1579,50.9826506482893,3.77769994266299,-
1580,50.982650774615,3.77769978760873,-
1581,50.9826509009407,3.77769963255446,-
1582,50.9826510272663,3.77769947750019,-
1583,50.982651153592,3.77769932244592,-
1584,50.9826512799177,3.77769916739166,-
1585,50.9826514062433,3.77769901233739,-
1586,50.982651532569,3.77769885728312,-
1587,50.9826516588947,3.77769870222886,-
1588,50.9826517852203,3.77769854717459,-
1589,50.982651911546,3.77769839212032,-
1590,50.9826520378717,3.77769823706605,-
1591,50.9826521641973,3.77769808201179,-
1592,50.982652290523,3.77769792695752,-
1593,50.9826524168487,3.77769777190325,-
1594,50.9826525431743,3.77769761684898,-
1595,50.9826526695,3.77769746179472,-
1596,50.9826527958257,3.77769730674045,-
1597,50.9826529221513,3.77769715168618,-
1598,50.982653048477,3.77769699663191,-
1599,50.9826531748027,3.77769684157765,-
1600,50.9826533011283,3.77769668652338,-
1601,50.982653427454,3.77769653146911,-
1602,50.9826535537797,3.77769637641484,-
1603,50.9826536801053,3.77769622136058,-
1604,50.982653806431,3.77769606630631,-
1605,50.9826539327567,3.77769591125204,-
1606,50.9826540590823,3.77769575619777,-
1607,50.982654185408,3.77769560114351,-
1608,50.9826543117337,3.77769544608924,-
1609,50.9826544380593,3.77769529103497,-
1610,50.982654564385,3.7776951359807,-
1611,50.9826546907107,3.77769498092644,-
1612,50.9826548170364,3.77769482587217,-
1613,50.982654943362,3.7776946708179,-
1614,50.9826550696877,3.77769451576363,-
1615,50.9826551960133,3.77769436070937,-
1616,50.982655322339,3.7776942056551,-
1617,50.9826554486647,3.77769405060083,-
1618,50.9826555749904,3.77769389554656,-
1619,50.982655701316,3.7776937404923,-
1620,50.9826558276417,3.77769358543803,-
1621,50.9826559539674,3.77769343038376,-
1622,50.982656080293,3.77769327532949,-
1623,50.9826562066187,3.77769312027523,-
1624,50.9826563329444,3.77769296522096,-
1625,50.98265645927,3.77769281016669,-
1626,50.9826565855957,3.77769265511242,-
1627,50.9826567119214,3.77769250005816,-
1628,50.982656838247,3.77769234500389,-
1629,50.9826569645727,3.77769218994962,-
1630,50.9826570908984,3.77769203489536,-
1631,50.982657217224,3.77769187984109,-
1632,50.9826573435497,3.77769172478682,-
1633,50.9826574698754,3.77769156973255,-
1634,50.982657596201,3.77769141467828,-
1635,50.9826577225267,3.77769125962402,-
1636,50.9826578488524,3.77769110456975,-
1637,50.982657975178,3.77769094951548,-
1638,50.9826581015037,3.77769079446121,-
1639,50.9826582278294,3.77769063940695,-
1640,50.982658354155,3.77769048435268,-
1641,50.9826584804807,3.77769032929841,-
1642,50.9826586068064,3.77769017424414,-
1643,50.982658733132,3.77769001918988,-
1644,50.9826588594577,3.77768986413561,-
1645,50.9826589857834,3.77768970908134,-
1646,50.982659112109,3.77768955402707,-
1647,50.9826592384347,3.77768939897281,-
1648,50.9826593647604,3.77768924391854,-
1649,50.982659491086,3.77768908886427,-
1650,50.9826596174117,3.77768893381001,-
1651,50.9826597437374,3.77768877875574,-
1652,50.982659870063,3.77768862370147,-
1653,50.9826599963887,3.7776884686472,-
1654,50.9826601227144,3.77768831359294,-
1655,50.98266024904,3.77768815853867,-
1656,50.9826603753657,3.7776880034844,-
1657,50.9826605016914,3.77768784843013,-
1658,50.982660628017,3.77768769337587,-
1659,50.9826607543427,3.7776875383216,-
1660,50.9826608806684,3.77768738326733,-
1661,50.982661006994,3.77768722821306,-
1662,50.9826611333197,3.7776870731588,-
1663,50.9826612596454,3.77768691810453,-
1664,50.982661385971,3.77768676305026,-
1665,50.9826615122967,3.77768660799599,-
1666,50.9826616386224,3.77768645294173,-
1667,50.982661764948,3.77768629788746,-
1668,50.9826618912737,3.77768614283319,-
1669,50.9826620175994,3.77768598777892,-
1670,50.982662143925,3.77768583272466,-
1671,50.9826622702507,3.77768567767039,-
1672,50.9826623965764,3.77768552261612,-
1673,50.982662522902,3.77768536756185,-
1674,50.9826626492277,3.77768521250759,-
1675,50.9826627755534,3.77768505745332,-
1676,50.982662901879,3.77768490239905,-
1677,50.9826630282047,3.77768474734478,-
1678,50.9826631778782,3.77768462123946,-
1679,50.9826633561682,3.77768453061553,-
1680,50.9826635344581,3.7776844399916,-
1681,50.9826637127481,3.77768434936767,-
1682,50.982663891038,3.77768425874375,-
1683,50.9826640693279,3.77768416811982,-
1684,50.9826642476179,3.77768407749589,-
1685,50.9826644259078,3.77768398687196,-
1686,50.9826646041978,3.77768389624803,-
1687,50.9826647824877,3.7776838056241,-
1688,50.9826649607777,3.77768371500018,-
1689,50.9826651390676,3.77768362437625,-
1690,50.9826653173575,3.77768353375232,-
1691,50.9826654956475,3.77768344312839,-
1692,50.9826656739374,3.77768335250446,-
1693,50.9826658522274,3.77768326188053,-
1694,50.9826660305173,3.7776831712566,-
1695,50.9826662088073,3.77768308063268,-
1696,50.9826663870972,3.77768299000875,-
1697,50.9826665653871,3.77768289938482,-
1698,50.9826667436771,3.77768280876089,-
1699,50.982666921967,3.77768271813696,-
1700,50.982667100257,3.77768262751303,-
1701,50.9826672785469,3.7776825368891,-
1702,50.9826674568369,3.77768244626518,-
1703,50.9826676351268,3.77768235564125,-
1704,50.9826678134167,3.77768226501732,-
1705,50.9826679917067,3.77768217439339,-
1706,50.9826681699966,3.77768208376946,-
1707,50.9826683482866,3.77768199314553,-
1708,50.9826685265765,3.77768190252161,-
1709,50.9826687048664,3.77768181189768,-
1710,50.9826688831564,3.77768172127375,-
1711,50.9826690614463,3.77768163064982,-
1712,50.9826692397363,3.77768154002589,-
1713,50.9826694180262,3.77768144940196,-
1714,50.9826695963162,3.77768135877803,-
1715,50.9826697746061,3.77768126815411,-
1716,50.9826699528961,3.77768117753018,-
1717,50.982670131186,3.77768108690625,-
1718,50.9826703094759,3.77768099628232,-
1719,50.9826704877659,3.77768090565839,-
1720,50.9826706660558,3.77768081503446,-
1721,50.9826708443458,3.77768072441054,-
1722,50.9826710226357,3.77768063378661,-
1723,50.9826712009256,3.77768054316268,-
1724,50.9826713792156,3.77768045253875,-
1725,50.9826715575055,3.77768036191482,-
1726,50.9826717357955,3.77768027129089,-
1727,50.9826719140854,3.77768018066696,-
1728,50.9826720923754,3.77768009004304,-
1729,50.9826722706653,3.77767999941911,-
1730,50.9826724489552,3.77767990879518,-
1731,50.9826726272452,3.77767981817125,-
1732,50.9826728055351,3.77767972754732,-
1733,50.9826729838251,3.77767963692339,-
1734,50.982673162115,3.77767954629946,-
1735,50.982673340405,3.77767945567554,-
1736,50.9826735186949,3.77767936505161,-
1737,50.9826736969848,3.77767927442768,-
1738,50.9826738752748,3.77767918380375,-
1739,50.9826740535647,3.77767909317982,-
1740,50.9826742318547,3.77767900255589,-
1741,50.9826744101446,3.77767891193196,-
1742,50.9826745884346,3.77767882130804,-
1743,50.9826747667245,3.77767873068411,-
1744,50.9826749450144,3.77767864006018,-
1745,50.9826751233044,3.77767854943625,-
1746,50.9826753015943,3.77767845881232,-
1747,50.9826754798843,3.77767836818839,-
1748,50.9826756581742,3.77767827756447,-
1749,50.9826758364642,3.77767818694054,-
1750,50.9826760147541,3.77767809631661,-
1751,50.982676193044,3.77767800569268,-
1752,50.982676371334,3.77767791506875,-
1753,50.9826765496239,3.77767782444482,-
1754,50.9826767279139,3.77767773382089,-
1755,50.9826769062038,3.77767764319697,-
1756,50.9826770844937,3.77767755257304,-
1757,50.9826772627837,3.77767746194911,-
1758,50.9826774410736,3.77767737132518,-
1759,50.9826776193636,3.77767728070125,-
1760,50.9826777976535,3.77767719007732,-
1761,50.9826779759435,3.7776770994534,-
1762,50.9826781542334,3.77767700882947,-
1763,50.9826783325233,3.77767691820554,-
1764,50.9826785108133,3.77767682758161,-
1765,50.9826786891032,3.77767673695768,-
1766,50.9826788673932,3.77767664633375,-
1767,50.9826790456831,3.77767655570982,-
1768,50.9826792239731,3.7776764650859,-
1769,50.982679402263,3.77767637446197,-
1770,50.9826795805529,3.77767628383804,-
1771,50.9826797588429,3.77767619321411,-
1772,50.9826799371328,3.77767610259018,-
1773,50.9826801154228,3.77767601196625,-
1774,50.9826802937127,3.77767592134232,-
1775,50.9826804720027,3.7776758307184,-
1776,50.9826806502926,3.77767574009447,-
1777,50.9826808285825,3.77767564947054,-
1778,50.9826810068725,3.77767555884661,-
1779,50.9826811851624,3.77767546822268,-
1780,50.9826813634524,3.77767537759875,-
1781,50.9826815417423,3.77767528697483,-
1782,50.9826817200323,3.7776751963509,-
1783,50.9826818983222,3.77767510572697,-
1784,50.9826820766121,3.77767501510304,-
1785,50.9826822549021,3.77767492447911,-
1786,50.982682433192,3.77767483385518,-
1787,50.982682611482,3.77767474323125,-
1788,50.9826827897719,3.77767465260733,-
1789,50.9826829680619,3.7776745619834,-
1790,50.9826831463518,3.77767447135947,-
1791,50.9826833246417,3.77767438073554,-
1792,50.9826835223959,3.77767437136067,-
1793,50.9826837223959,3.77767437136067,-
1794,50.9826839223959,3.77767437136067,-
1795,50.9826841223959,3.77767437136067,-
1796,50.9826843223959,3.77767437136067,-
1797,50.9826845223959,3.77767437136067,-
1798,50.9826847223959,3.77767437136067,-
1799,50.9826849223959,3.77767437136067,-
1800,50.9826851223959,3.77767437136067,-
1801,50.9826853223959,3.77767437136067,-
1802,50.9826855223959,3.77767437136067,-
1803,50.9826857223959,3.77767437136067,-
1804,50.9826859223959,3.77767437136067,-
1805,50.9826861223959,3.77767437136067,-
1806,50.9826863223959,3.77767437136067,-
1807,50.9826865223959,3.77767437136067,-
1808,50.9826867223959,3.77767437136067,-
1809,50.9826869223959,3.77767437136067,-
1810,50.9826871223959,3.77767437136067,-
1811,50.9826873223959,3.77767437136067,-
1812,50.9826875223959,3.77767437136067,-
1813,50.9826877223959,3.77767437136067,-
1814,50.9826879223959,3.77767437136067,-
1815,50.9826881223959,3.77767437136067,-
1816,50.9826883223959,3.77767437136067,-
1817,50.9826885223959,3.77767437136067,-
1818,50.9826887223959,3.77767437136067,-
1819,50.9826889223959,3.77767437136067,-
1820,50.9826891223959,3.77767437136067,-
1821,50.9826893223959,3.77767437136067,-
1822,50.9826895223959,3.77767437136067,-
1823,50.9826897223959,3.77767437136067,-
1824,50.9826899223959,3.77767437136067,-
1825,50.9826901223959,3.77767437136067,-
1826,50.9826903223959,3.77767437136067,-
1827,50.9826905223959,3.77767437136067,-
1828,50.9826907223959,3.77767437136067,-
1829,50.9826909223959,3.77767437136067,-
1830,50.9826911223959,3.77767437136067,-
1831,50.9826913223959,3.77767437136067,-
1832,50.9826915223959,3.77767437136067,-
1833,50.9826917223959,3.77767437136067,-
1834,50.9826919223959,3.77767437136067,-
1835,50.9826921223959,3.77767437136067,-
1836,50.9826923223959,3.77767437136067,-
1837,50.9826925223959,3.77767437136067,-
1838,50.9826927223959,3.77767437136067,-
1839,50.9826929223959,3.77767437136067,-
1840,50.9826931223959,3.77767437136067,-
1841,50.9826933223959,3.77767437136067,-
1842,50.9826935223959,3.77767437136067,-
1843,50.9826937223959,3.77767437136067,-
1844,50.9826939223959,3.77767437136067,-
1845,50.9826941223959,3.77767437136067,-
1846,50.9826943223959,3.77767437136067,-
1847,50.9826945223959,3.77767437136067,-
1848,50.9826947223959,3.77767437136067,-
1849,50.9826949223959,3.77767437136067,-
1850,50.9826951223959,3.77767437136067,-
1851,50.9826953223959,3.77767437136067,-
1852,50.9826955223959,3.77767437136067,-
1853,50.9826957223959,3.77767437136067,-
1854,50.9826959223959,3.77767437136067,-
1855,50.9826961223959,3.77767437136067,-
1856,50.9826963223959,3.77767437136067,-
1857,50.9826965223959,3.77767437136067,-
1858,50.9826967223959,3.77767437136067,-
1859,50.9826969223959,3.77767437136067,-
1860,50.9826971223959,3.77767437136067,-
1861,50.9826973223959,3.77767437136067,-
1862,50.9826975223959,3.77767437136067,-
1863,50.9826977223959,3.77767437136067,-
1864,50.9826979223959,3.77767437136067,-
1865,50.9826981223959,3.77767437136067,-
1866,50.9826983223959,3.77767437136067,-
1867,50.9826985223959,3.77767437136067,-
1868,50.9826987223959,3.77767437136067,-
1869,50.9826989223959,3.77767437136067,-
1870,50.9826991223959,3.77767437136067,-
1871,50.9826993223959,3.77767437136067,-
1872,50.9826995223959,3.77767437136067,-
1873,50.9826997223959,3.77767437136067,-
1874,50.9826999223959,3.77767437136067,-
1875,50.9827001223959,3.77767437136067,-
1876,50.9827003223959,3.77767437136067,-
1877,50.9827005223959,3.77767437136067,-
1878,50.9827007223959,3.77767437136067,-
1879,50.9827009223959,3.77767437136067,-
1880,50.9827011223959,3.77767437136067,-
1881,50.9827013223959,3.77767437136067,-
1882,50.9827015223959,3.77767437136067,-
1883,50.9827017223959,3.77767437136067,-
1884,50.9827019223959,3.77767437136067,-
1885,50.9827021223959,3.77767437136067,-
1886,50.9827023223959,3.77767437136067,-
1887,50.9827025223959,3.77767437136067,-
1888,50.9827027223959,3.77767437136067,-
1889,50.9827029223959,3.77767437136067,-
1890,50.9827031223959,3.77767437136067,-
1891,50.9827033223959,3.77767437136067,-
1892,50.9827035223959,3.77767437136067,-
1893,50.9827037223959,3.77767437136067,-
1894,50.9827039223959,3.77767437136067,-
1895,50.9827041223959,3.77767437136067,-
1896,50.9827043223959,3.77767437136067,-
1897,50.9827045223959,3.77767437136067,-
1898,50.9827047223959,3.77767437136067,-
1899,50.9827049223959,3.77767437136067,-
1900,50.9827051223959,3.77767437136067,-
1901,50.9827053223959,3.77767437136067,-
1902,50.9827055223959,3.77767437136067,-
1903,50.9827057223959,3.77767437136067,-
1904,50.9827059223959,3.77767437136067,-
1905,50.9827061223959,3.77767437136067,-
1906,50.9827063223959,3.77767437136067,-
1907,50.9827065223959,3.77767437136067,-
1908,50.9827067223959,3.77767437136067,-
1909,50.9827069223959,3.77767437136067,-
1910,50.9827071223959,3.77767437136067,-
