number,latitude,longitude,time
1,50.9826254212942,3.7777550896720924,-
2,50.98262435891706,3.7777559170924815,-
3,50.982623258988546,3.7777567737593136,-
4,50.982622307488604,3.777757514824229,-
5,50.982621214967054,3.7777583657222005,-
6,50.98262025497136,3.777759113403902,-
7,50.98261922165277,3.7777599181922805,-
8,50.982618116201444,3.777760779160402,-
9,50.982616910616265,3.7777617181166083,-
10,50.98261592351429,3.7777624869096496,-
11,50.982614774836854,3.777763381543861,-
12,50.9826137494062,3.777764180188723,-
13,50.98261281079379,3.7777649112161815,-
14,50.98261174650732,3.7777657401233995,-
15,50.982610948133534,3.777766361927595,-
16,50.98261002698514,3.777767079353351,-
17,50.982608864255944,3.777767984931507,-
18,50.98260784677434,3.7777687773852335,-
19,50.98260684335534,3.7777695588864564,-
20,50.98260595359346,3.7777702518671346,-
21,50.98260478390165,3.777771162867966,-
22,50.98260368952324,3.7777720152118075,-
23,50.982602638672645,3.7777728336544967,-
24,50.9826015858921,3.777773653600297,-
25,50.982600584498016,3.7777744335243204,-
26,50.98259955511546,3.7777752352468297,-
27,50.98259866763781,3.7777759264483524,-
28,50.98259768672424,3.777776690421323,-
29,50.982596548698936,3.777777576758906,-
30,50.98259551145829,3.777778384601521,-
31,50.98259470549254,3.777779012318409,-
32,50.982593510052126,3.7777799433730133,-
33,50.98259241752989,3.7777807942709822,-
34,50.982591376382395,3.777781605156329,-
35,50.98259036691222,3.7777823913701587,-
36,50.982589392226565,3.777783150492457,-
37,50.98258830342664,3.7777839984912744,-
38,50.982587262279054,3.7777848093766235,-
39,50.98258618284125,3.777785650083829,-
40,50.98258517337095,3.777786436297665,-
41,50.98258401238828,3.777787340515073,-
42,50.982582895972676,3.7777882100219298,-
43,50.98258192128688,3.7777889691442277,-
44,50.982581029245985,3.7777896638995108,-
45,50.98257997261564,3.7777904868432928,-
46,50.98257896717504,3.7777912699185374,-
47,50.98257788773705,3.777792110625744,-
48,50.98257697322302,3.7777928228839,-
49,50.982576142452196,3.777793469919661,-
50,50.98257503883768,3.7777943294564045,-
51,50.98257411329166,3.7777950503066484,-
52,50.982573002344026,3.7777959155546665,-
53,50.98257185366553,3.7777968101888773,-
54,50.98257090644097,3.777797547923147,-
55,50.982569875087634,3.77779835118005,-
56,50.982568908768116,3.777799103786159,-
57,50.9825679196108,3.7777998741791867,-
58,50.982567009546784,3.7778005829713455,-
59,50.98256604743776,3.777801332298109,-
60,50.98256485029973,3.7778022646742997,-
61,50.98256381894627,3.7778030679312047,-
62,50.98256272828296,3.7778039173808344,-
63,50.982561654501076,3.7778047536825574,-
64,50.98256048828421,3.777805661976099,-
65,50.98255951777219,3.7778064178473274,-
66,50.98255842710877,3.7778072672969554,-
67,50.98255747988394,3.7778080050312255,-
68,50.982556359837055,3.777808877365752,-
69,50.98255541261218,3.7778096151000233,-
70,50.98255435983054,3.777810435045827,-
71,50.982553387229025,3.7778111925443376,-
72,50.98255230967263,3.777812031785619,-
73,50.98255138852307,3.7778127492113773,-
74,50.98255047179151,3.7778134631962246,-
75,50.98254949918991,3.7778142206947343,-
76,50.98254846390713,3.777815027011674,-
77,50.98254752097792,3.777815761400195,-
78,50.98254649752728,3.7778165585017858,-
79,50.98254560321298,3.77781725502715,-
80,50.98254456011655,3.777818067429585,-
81,50.982543717216465,3.777818723911619,-
82,50.982542643434144,3.7778195602133415,-
83,50.98254164610127,3.777820336973358,-
84,50.98254057990756,3.777821167364747,-
85,50.98253949297247,3.777822013910267,-
86,50.98253856962158,3.7778227330503054,-
87,50.982537438752296,3.777823613813383,-
88,50.98253649797813,3.777824346523294,-
89,50.98253547850182,3.7778251405293304,-
90,50.98253443930461,3.777825949894739,-
91,50.982533288859315,3.777826845904254,-
92,50.9825321561963,3.7778277280642594,-
93,50.98253105258074,3.777828587601006,-
94,50.982530155999186,3.777829285891959,-
95,50.9825291525785,3.7778300673931846,-
96,50.98252802530477,3.777830945355733,-
97,50.98252687662515,3.7778318399899464,-
98,50.982525847240964,3.777832641712453,-
99,50.982524751007375,3.7778334954997312,-
100,50.98252382108422,3.777834219758268,-
101,50.9825228846352,3.777834949099385,-
102,50.98252175736131,3.7778358270619314,-
103,50.98252084729639,3.7778365358540946,-
104,50.982519668957124,3.7778374535882064,-
105,50.98251869218954,3.7778382143308336,-
106,50.98251757033083,3.7778390880757646,-
107,50.98251654489801,3.7778398867206313,-
108,50.982515634833,3.77784059551279,-
109,50.9825147871295,3.7778412557354923,-
110,50.98251369274895,3.7778421080793376,-
111,50.982512667316065,3.7778429067242008,-
112,50.982511696803044,3.7778436625954286,-
113,50.982510569528884,3.7778445405579757,-
114,50.982509609530915,3.777845288239672,-
115,50.98250864742069,3.7778460375664356,-
116,50.98250757552968,3.7778468723944956,-
117,50.98250652854748,3.7778476878226486,-
118,50.98250548156525,3.7778485032508056,-
119,50.98250451105207,3.777849259122033,-
120,50.982503521893385,3.7778500295150614,-
121,50.98250265524423,3.7778507044931673,-
122,50.9825017564009,3.7778514045452583,-
123,50.982500738916954,3.777852196998984,-
124,50.98249975593406,3.7778529625820183,-
125,50.98249867649422,3.777853803289225,-
126,50.98249783118844,3.7778544616442504,-
127,50.98249689257368,3.777855192671708,-
128,50.982495971423035,3.777855910097464,-
129,50.98249455454391,3.7778570136146263,-
130,50.982495266902205,3.777858597744976,-
131,50.98249593077217,3.777860074047819,-
132,50.98249664661728,3.777861665932156,-
133,50.98249788659907,3.7778644233828405,-
134,50.98249889607126,3.7778636371690064,-
135,50.982499872839256,3.777862876426381,-
136,50.98250092947143,3.7778620534825986,-
137,50.98250190415895,3.7778612943602967,-
138,50.98250282310313,3.777860578652926,-
139,50.98250370599614,3.7778598910235264,-
140,50.982504800376915,3.7778590386796793,-
141,50.98250578953557,3.7778582682866526,-
142,50.98250693821571,3.7778573736524423,-
143,50.982507925319986,3.777856604859403,-
144,50.982508910365645,3.777855837669689,-
145,50.98250985544601,3.7778551016063955,-
146,50.9825109845195,3.7778542222424703,-
147,50.98251203343868,3.7778534053056565,-
148,50.98251305887159,3.7778526066607907,-
149,50.98251417346911,3.777851738571226,-
150,50.98251506323275,3.777851045590543,-
151,50.98251610438195,3.777850234705199,-
152,50.982517209835706,3.777849373737081,-
153,50.98251801831753,3.7778487440616315,-
154,50.98251890121023,3.7778480564322328,-
155,50.98252007609903,3.777847141385486,-
156,50.982521029732105,3.7778463986608517,-
157,50.982521783645225,3.777845811485471,-
158,50.982523032243954,3.7778448390306494,-
159,50.9825240437245,3.7778440512522073,-
160,50.98252526104151,3.7778431031607083,-
161,50.982526159884394,3.7778424031086115,-
162,50.98252709633336,3.777841673767496,-
163,50.98252804141334,3.7778409377042013,-
164,50.98252903466742,3.7778401641211277,-
165,50.982530151084305,3.7778392946142714,-
166,50.98253110258614,3.777838553549357,-
167,50.98253201265085,3.777837844757196,-
168,50.98253317712651,3.7778369378203314,-
169,50.982534073707996,3.777836239529375,-
170,50.982535040028246,3.777835486923264,-
171,50.982536178055064,3.7778346005856864,-
172,50.982537244248874,3.777833770194296,-
173,50.98253832931482,3.777832925104571,-
174,50.98253919830246,3.77783224830466,-
175,50.98254017506961,3.7778314875620307,-
176,50.98254124506438,3.777830654210233,-
177,50.98254212334622,3.777829970171613,-
178,50.982543015387854,3.77782927541633,-
179,50.98254406816972,3.777828455470536,-
180,50.982545071590096,3.7778276739693104,-
181,50.98254608907307,3.777826881515585,-
182,50.982547065840066,3.777826120772959,-
183,50.98254803216005,3.777825368166847,-
184,50.982548875060054,3.7778247116848114,-
185,50.98254998783399,3.7778238450148574,-
186,50.982550970815815,3.7778230794318213,-
187,50.98255199426636,3.7778222823302365,-
188,50.98255300775119,3.77782149299029,-
189,50.98255399073297,3.7778207274072595,-
190,50.982555043514594,3.7778199074614593,-
191,50.98255602855925,3.7778191402717454,-
192,50.98255693862347,3.7778184314795844,-
193,50.982557968006965,3.7778176297570787,-
194,50.982559013047364,3.7778168158403744,-
195,50.98255992311154,3.7778161070482135,-
196,50.98256096230819,3.7778152976828028,-
197,50.98256211451592,3.7778144003000893,-
198,50.98256321259882,3.7778135450718278,-
199,50.98256416835728,3.777812800691165,-
200,50.982565257157766,3.777811952692346,-
201,50.982566197931355,3.7778112199824316,-
202,50.982567241027304,3.7778104075799894,-
203,50.9825681709496,3.7778096833214496,-
204,50.982569122450656,3.7778089422565326,-
205,50.982570063224166,3.7778082095466208,-
206,50.982571208362856,3.7778073176693767,-
207,50.982572201616,3.777806544086305,-
208,50.98257332888866,3.7778056661237565,-
209,50.98257426316646,3.7778049384728885,-
210,50.98257539761922,3.777804054918167,-
211,50.98257637646164,3.7778032925586573,-
212,50.98257748191394,3.777802431590538,-
213,50.98257860014646,3.777801560668701,-
214,50.98257955377832,3.777800817944062,-
215,50.982580695365954,3.777799928832338,-
216,50.982581852846494,3.777799027342591,-
217,50.98258303290564,3.7777981082677385,-
218,50.98258416017804,3.7777972303051883,-
219,50.98258507246953,3.7777965197779175,-
220,50.98258619432661,3.7777956460329905,-
221,50.98258712642887,3.7777949200763055,-
222,50.982588099029684,3.777794162577797,-
223,50.982589094324105,3.777793387404623,-
224,50.98259007523786,3.7777926234316506,-
225,50.98259110659073,3.7777918201747465,-
226,50.98259211606091,3.777791033960909,-
227,50.98259314741374,3.7777902307040057,-
228,50.982594204043785,3.77778940776022,-
229,50.982595270236274,3.777788577368833,-
230,50.98259627769344,3.7777877927227257,-
231,50.982597303124486,3.7777869940778634,-
232,50.98259836167384,3.777786169639176,-
233,50.982599459755875,3.7777853144109055,-
234,50.98260043859779,3.777784552051391,-
235,50.98260147974507,3.777783741166043,-
236,50.98260249322883,3.777782951826098,-
237,50.98260364543553,3.7777820544433878,-
238,50.98260464682954,3.777781274519365,-
239,50.982605395336854,3.777780691553178,-
240,50.982606522608705,3.777779813590631,-
241,50.98260756180432,3.7777790042252213,-
242,50.98260859708578,3.7777781979082823,-
243,50.98260963823288,3.7777773870229363,-
244,50.98261054382398,3.7777766817138025,-
245,50.98261153092606,3.7777759129207644,-
246,50.982612528257434,3.777775136160743,-
247,50.98261364285257,3.7777742680711794,-
248,50.982614809068096,3.7777733597776417,-
249,50.982615966547776,3.7777724582878967,-
250,50.98261700769472,3.777771647402551,-
251,50.98261804493488,3.77777083955994,-
252,50.9826191092212,3.7777700106527186,-
253,50.982620036956966,3.7777692880963216,-
254,50.98262101164197,3.777768528974023,-
255,50.982622085422484,3.7777676926723003,-
256,50.98262315161432,3.777766862280909,-
257,50.98262415705396,3.7777660792056627,-
258,50.98262518050289,3.7777652821040717,-
259,50.98262621969808,3.777764472738661,-
260,50.982627241161616,3.7777636771833443,-
261,50.98262825845319,3.777762884877287,-
262,50.98262886802066,3.7777645596878173,-
263,50.98262953238884,3.777766385065429,-
264,50.98263017883815,3.7777681612103047,-
265,50.982631095612,3.7777706800824817,-
266,50.98263025271349,3.7777713365645154,-
267,50.982629333771825,3.777772052271885,-
268,50.98262821554054,3.7777729231937216,-
269,50.98262731896087,3.7777736214846747,-
270,50.98262616851788,3.7777745174941897,-
271,50.982625323214435,3.777775175849211,-
272,50.98262443802755,3.7777758652669835,-
273,50.98262347170916,3.7777766178730903,-
274,50.98262246425258,3.7777774025191997,-
275,50.98262160466121,3.7777780720021434,-
276,50.98262069459827,3.7777787807943053,-
277,50.982619624605306,3.7777796141461004,-
278,50.98261871454232,3.7777803229382627,-
279,50.98261760177003,3.7777811896082207,-
280,50.982616590291514,3.7777819773866623,-
281,50.98261544515395,3.7777828692639086,-
282,50.98261458792723,3.777783536905076,-
283,50.982613718941,3.777784213704988,-
284,50.98261252690205,3.777785142110784,-
285,50.98261153160813,3.7777859172839596,-
286,50.982610532243434,3.777786695627592,-
287,50.9826095786122,3.777787438352231,-
288,50.98260857317224,3.7777882214274774,-
289,50.98260760475511,3.777788975667913,-
290,50.98260656947361,3.777789781984854,-
291,50.98260551862308,3.7777906004275446,-
292,50.982604469706025,3.7777914173643556,-
293,50.982603482603785,3.777792186157396,-
294,50.98260245519518,3.7777929863425634,-
295,50.982601415999454,3.7777937957079724,-
296,50.98260020035315,3.77779474249983,-
297,50.982599137975434,3.7777955699202233,-
298,50.98259816746422,3.7777963257914515,-
299,50.982597069382166,3.777797181019715,-
300,50.982596139460455,3.7777979052782498,-
301,50.98259517104306,3.7777986595186843,-
302,50.982594175748766,3.7777994346918584,-
303,50.98259312104162,3.7778002561380153,-
304,50.982591960059146,3.7778011603554202,-
305,50.982590958664865,3.777801940279444,-
306,50.982589949194676,3.7778027264932783,-
307,50.98258900197047,3.777803464227549,-
308,50.982588096378954,3.777804169536679,-
309,50.98258703974877,3.777804992480462,-
310,50.98258612745731,3.7778057030077363,-
311,50.982585284557985,3.777806359489772,-
312,50.982584075609076,3.777807301065108,-
313,50.982583018978794,3.7778081240088945,-
314,50.9825819414231,3.777808963250175,-
315,50.98258102469214,3.777809677235019,-
316,50.98258002736009,3.7778104539950372,-
317,50.98257910841745,3.777811169702405,-
318,50.982578169804334,3.7778119007298585,-
319,50.98257723119119,3.7778126317573135,-
320,50.982576279690306,3.777813372822228,-
321,50.982575215403,3.7778142017294507,-
322,50.98257448612615,3.7778147697178524,-
323,50.98257341803097,3.777815601590763,-
324,50.982572294365596,3.7778164767438276,-
325,50.982571307262674,3.777817245536867,-
326,50.9825703140095,3.7778180191199415,-
327,50.982569417428714,3.7778187174108977,-
328,50.98256844691687,3.777819473282124,-
329,50.982567554875736,3.7778201680374033,-
330,50.98256664928381,3.7778208733465353,-
331,50.98256560618785,3.7778216857489753,-
332,50.98256448433027,3.7778225594939054,-
333,50.982563373382405,3.7778234247419227,-
334,50.98256224251372,3.7778243055049976,-
335,50.982561237072744,3.7778250885802453,-
336,50.98256009370783,3.7778259790758013,-
337,50.98255896283908,3.777826859838873,-
338,50.9825579334556,3.7778276615613797,-
339,50.98255700135276,3.7778283875180616,-
340,50.98255598987293,3.7778291752965063,-
341,50.98255501103008,3.777829937656019,-
342,50.98255407241649,3.777830668683473,-
343,50.98255303126814,3.777831479568818,-
344,50.98255216228077,3.7778321563687265,-
345,50.98255104586441,3.777833025875581,-
346,50.982550067021464,3.777833788235089,-
347,50.982549037637796,3.7778345899575934,-
348,50.98254792304111,3.777835458047156,-
349,50.98254689959048,3.777836255148741,-
350,50.982545886105505,3.7778370444886895,-
351,50.98254494102588,3.7778377805519843,-
352,50.98254400457728,3.7778385098931,-
353,50.98254301541944,3.7778392802861265,-
354,50.982542078970795,3.777840009627242,-
355,50.98254104565048,3.777840814415618,-
356,50.98253996809379,3.7778416536568966,-
357,50.982539080615005,3.77784234485842,-
358,50.98253805320499,3.7778431450435837,-
359,50.98253701400782,3.7778439544089926,-
360,50.98253595162866,3.7778447818293834,-
361,50.982534787153064,3.77784568876625,-
362,50.98253388156051,3.7778463940753784,-
363,50.98253280588914,3.777847231848166,-
364,50.98253202551511,3.777847839632428,-
365,50.982530988273034,3.777848647475041,-
366,50.98252996284051,3.7778494461199053,-
367,50.98252901776056,3.7778501821831996,-
368,50.98252796305192,3.7778510036293578,-
369,50.982527013685825,3.777851743030825,-
370,50.98252591560209,3.777852598259089,-
371,50.98252478114812,3.7778534818138074,-
372,50.98252377368939,3.777854266459917,-
373,50.98252275620593,3.77785505891364,-
374,50.98252165443103,3.7778559170166326,-
375,50.98252077153839,3.777856604646026,-
376,50.98251971107133,3.777857430576911,-
377,50.98251863351416,3.777858269818191,-
378,50.982517654670524,3.7778590321777,-
379,50.982516647211646,3.777859816823811,-
380,50.982515649878216,3.777860593583831,-
381,50.982514587498564,3.7778614210042254,-
382,50.98251361907947,3.7778621752446626,-
383,50.982512795670495,3.777862816545866,-
384,50.98251180446191,3.7778635885355607,-
385,50.982510848702375,3.7778643329162183,-
386,50.98250971424805,3.7778652164709374,-
387,50.982508594200034,3.777866088805462,-
388,50.98250759686643,3.7778668655654792,-
389,50.9825065596238,3.777867673408095,-
390,50.98250547082194,3.7778685214069125,-
391,50.982504402725176,3.7778693532798204,-
392,50.98250330834439,3.7778702056236644,-
393,50.98250121865399,3.7778718331510555,-
394,50.9825019122393,3.777873375534604,-
395,50.98250252825079,3.7778747454107626,-
396,50.98250308792674,3.777875990008895,-
397,50.982503754416896,3.7778774721387234,-
398,50.98250455070866,3.7778792429192696,-
399,50.982505502211026,3.7778785018543544,-
400,50.9825066276831,3.7778776252954263,-
401,50.98250771461896,3.777876778749909,-
402,50.982508663985435,3.777876039348443,-
403,50.98250963867279,3.777875280226145,-
404,50.982510771336365,3.777874398066142,-
405,50.98251175431903,3.777873632483114,-
406,50.982512837513156,3.7778727888517,-
407,50.98251381011553,3.77787203135319,-
408,50.98251482959229,3.7778712373471546,-
409,50.982515847075916,3.777870444893432,-
410,50.98251668028768,3.7778697959574203,-
411,50.98251765080058,3.7778690400861943,-
412,50.9825187150892,3.7778682111789745,-
413,50.98251980389076,3.7778673631801576,-
414,50.982520622354166,3.777866725730645,-
415,50.98252173147433,3.7778658619069017,-
416,50.982522701987136,3.7778651060356756,-
417,50.9825237254383,3.7778643089340878,-
418,50.98252478590526,3.777863483003204,-
419,50.982525821188574,3.7778626766862637,-
420,50.98252674673555,3.777861955836023,-
421,50.982527888324476,3.7778610667242942,-
422,50.98252910062839,3.7778601225370965,-
423,50.98253007739575,3.777859361794471,-
424,50.98253121363754,3.7778584768472263,-
425,50.982532266419696,3.7778576569014284,-
426,50.98253326375277,3.777856880141413,-
427,50.98253420020159,3.7778561508002975,-
428,50.982535252983666,3.7778553308544978,-
429,50.98253614729816,3.777854634329133,-
430,50.98253723049171,3.7778537906977143,-
431,50.982538249967966,3.7778529966916783,-
432,50.9825392246547,3.7778522375693795,-
433,50.9825402520647,3.777851437384216,-
434,50.982541267550744,3.7778506464858475,-
435,50.982542316469235,3.7778498295490364,-
436,50.98254326583501,3.7778490901475665,-
437,50.982544132483426,3.7778484151694616,-
438,50.98254518140185,3.7778475982326514,-
439,50.98254600234126,3.7778469588543895,-
440,50.98254702181732,3.7778461648483526,-
441,50.98254796474656,3.777845430459832,-
442,50.982549213344576,3.777844458005014,-
443,50.98255023480979,3.7778436624497007,-
444,50.98255132547339,3.7778428130000723,-
445,50.982552410539014,3.77784196791035,-
446,50.98255346139074,3.7778411494676605,-
447,50.982554521857026,3.777840323536776,-
448,50.982555496543405,3.7778395644144753,-
449,50.98255645865264,3.77783881508771,-
450,50.98255754745331,3.7778379670888924,-
451,50.982558560938024,3.7778371777489452,-
452,50.98255956435808,3.777836396247725,-
453,50.982560774985544,3.777835453365559,-
454,50.98256186192014,3.7778346068200372,-
455,50.98256288139585,3.777833812814003,-
456,50.98256375271587,3.7778331341971776,-
457,50.98256472113392,3.7778323799567413,-
458,50.98256577776461,3.777831557012962,-
459,50.982566735644575,3.7778308109799585,-
460,50.98256769986115,3.777830060011732,-
461,50.98256879979099,3.777829203344899,-
462,50.982569890454144,3.777828353895268,-
463,50.98257095092006,3.777827527964387,-
464,50.98257198816125,3.7778267201217743,-
465,50.982573147394426,3.7778258172671664,-
466,50.98257428898222,3.777824928155441,-
467,50.98257529643986,3.7778241435093296,-
468,50.982576266951526,3.7778233876381053,-
469,50.9825773613306,3.7778225352942583,-
470,50.982578289067206,3.777821812737857,-
471,50.982579394519476,3.777820951769741,-
472,50.98258037750068,3.777820186186709,-
473,50.982581437966346,3.777819360255827,-
474,50.98258248881743,3.777818541813135,-
475,50.98258322639739,3.7778179673578616,-
476,50.9825843554691,3.777817087993939,-
477,50.98258527881907,3.777816368853899,-
478,50.98258637319792,3.777815516510057,-
479,50.982587356178975,3.777814750927024,-
480,50.98258847622509,3.777813878592502,-
481,50.982589495700225,3.7778130845864677,-
482,50.982590548481056,3.7778122646406644,-
483,50.98259145182817,3.777811561079514,-
484,50.98259238393034,3.77781083512283,-
485,50.98259340340539,3.777810041116793,-
486,50.98259457483164,3.7778091287653384,-
487,50.982595380797385,3.777808501048453,-
488,50.9825964141165,3.777807696260076,-
489,50.982597276066606,3.7778070249404196,-
490,50.9825982815068,3.7778062418651737,-
491,50.98259926655054,3.7778054746754575,-
492,50.98260024331642,3.7778047139328295,-
493,50.98260124064803,3.777803937172809,-
494,50.98260229149866,3.777803118730121,-
495,50.982603214848275,3.777802399590083,-
496,50.98260417060592,3.7778016552094256,-
497,50.982605155649516,3.7778008880197103,-
498,50.982606262935924,3.7778000256226005,-
499,50.9826070613098,3.777799403818405,-
500,50.982607901797,3.7777987492147194,-
501,50.982608935115834,3.777797944426344,-
502,50.982609980155075,3.7777971305096405,-
503,50.9826109337863,3.777796387785003,-
504,50.982611918829775,3.7777956205952883,-
505,50.9826129735365,3.7777947991491283,-
506,50.9826140301661,3.7777939762053423,-
507,50.982614836131496,3.7777933484884567,-
508,50.98261580245008,3.777792595882349,-
509,50.98261683576874,3.7777917910939713,-
510,50.98261771404914,3.7777911070553505,-
511,50.982618824995704,3.7777902418073346,-
512,50.982619824360214,3.7777894634637064,-
513,50.9826208237247,3.77778868512008,-
514,50.98262200206139,3.777787767385974,-
515,50.98262306061018,3.7777869429472886,-
516,50.98262394350088,3.7777862553178876,-
517,50.98262507616167,3.7777853731578843,-
518,50.98262601477383,3.77778464213043,-
519,50.98262706175334,3.777783826702273,-
520,50.98262819799277,3.7777829417550306,-
521,50.98262926988099,3.7777821069269657,-
522,50.98263034366132,3.7777812706252405,-
523,50.98263144174259,3.7777804153969745,-
524,50.9826324247227,3.777779649813942,-
525,50.98263393277065,3.7777784752876773,-
526,50.982634380687536,3.7777797059570135,-
527,50.982634968735574,3.77778132164224,-
528,50.98263561341614,3.777783092927608,-
529,50.98263618200283,3.77778465514205,-
530,50.98263676992913,3.777786270492872,-
531,50.9826358509876,3.777786986200245,-
532,50.98263477155093,3.7777878269074527,-
533,50.98263372457159,3.7777886423356066,-
534,50.98263263390992,3.7777894917852364,-
535,50.982631659225156,3.777790250907536,-
536,50.982630680383906,3.7777910132670476,-
537,50.98262957126634,3.7777918770907926,-
538,50.982628626188415,3.7777926131540873,-
539,50.98262756763974,3.7777934375927757,-
540,50.98262652844458,3.7777942469581847,-
541,50.98262552502598,3.7777950284594066,-
542,50.98262467017076,3.777795694253713,-
543,50.98262374024961,3.777796418512249,-
544,50.98262276764955,3.7777971760107554,-
545,50.98262171873288,3.7777979929475674,-
546,50.982620604137935,3.7777988610371316,-
547,50.982619667690855,3.777799590378249,-
548,50.98261853502995,3.7778004725382517,-
549,50.98261754587369,3.7778012429312757,-
550,50.982616665285065,3.777801928767632,-
551,50.982615556167154,3.7778027925913764,-
552,50.982614526784936,3.777803594313882,-
553,50.98261357528481,3.7778043353787973,-
554,50.982612549854124,3.7778051340236645,-
555,50.982611600489754,3.777805873425132,-
556,50.98261042733232,3.777806787125229,-
557,50.98260951726914,3.7778074959173864,-
558,50.98260861617232,3.7778081977261997,-
559,50.982607629070166,3.7778089665192423,-
560,50.98260667119106,3.7778097125522474,-
561,50.98260563590955,3.7778105188691904,-
562,50.9826044749274,3.7778114230865985,-
563,50.98260346747039,3.7778122077327088,-
564,50.98260268191229,3.7778128195554506,-
565,50.982601682547404,3.777813597899082,-
566,50.982600673077435,3.7778143841129146,-
567,50.982599597407635,3.777815221885707,-
568,50.98259856016706,3.7778160297283216,-
569,50.98259768420061,3.7778167119644643,-
570,50.98259678988732,3.7778174084898244,-
571,50.982595716106225,3.777818244791547,-
572,50.9825946404363,3.777819082564336,-
573,50.98259373484489,3.7778197878734705,-
574,50.982592682064144,3.7778206078192675,-
575,50.98259178096698,3.7778213096280844,-
576,50.98259087537552,3.777822014937215,-
577,50.98258988621867,3.7778227853302457,-
578,50.98258891153301,3.7778235444525454,-
579,50.98258792443045,3.7778243132455867,-
580,50.98258688523439,3.7778251226109956,-
581,50.9825857347904,3.777826018620512,-
582,50.982584591426104,3.777826909116067,-
583,50.98258341653894,3.777827824162814,-
584,50.982582467173984,3.777828563564283,-
585,50.982581602871754,3.777829236715652,-
586,50.98258050849279,3.7778300890594982,-
587,50.982579556991965,3.777830830124416,-
588,50.982578455218416,3.777831688227407,-
589,50.98257744977778,3.7778324713026503,-
590,50.98257618502722,3.777833456338265,-
591,50.98257519381999,3.777834228327964,-
592,50.98257408104667,3.7778350949979216,-
593,50.98257308168117,3.777835873341554,-
594,50.9825721896401,3.7778365680968324,-
595,50.98257136623217,3.7778372093980366,-
596,50.982570317314334,3.777838026334852,-
597,50.98256922293511,3.777838878678696,-
598,50.982568239953665,3.7778396442617264,-
599,50.98256712900588,3.7778405095097454,-
600,50.9825662301638,3.7778412095618363,-
601,50.98256532457185,3.7778419148709665,-
602,50.98256429321839,3.7778427181278746,-
603,50.9825631322352,3.7778436223452787,-
604,50.98256205467903,3.7778444615865627,-
605,50.98256099421292,3.7778452875174473,-
606,50.98255988876021,3.7778461484855677,-
607,50.9825587650945,3.7778470236386275,-
608,50.98255781146221,3.7778477663632652,-
609,50.982556836775856,3.777848525485569,-
610,50.98255593567799,3.7778492272943867,-
611,50.98255481382019,3.7778501010393164,-
612,50.98255374003812,3.7778509373410394,-
613,50.982552704755435,3.777851743657981,-
614,50.98255163286544,3.777852578486045,-
615,50.98255049662414,3.7778534634332903,-
616,50.98254941343091,3.7778543070647004,-
617,50.98254830981574,3.7778551666014506,-
618,50.98254721729245,3.7778560174994196,-
619,50.98254611551813,3.777856875602409,-
620,50.98254490824848,3.7778578158690874,-
621,50.98254402765846,3.7778585017054462,-
622,50.98254292037057,3.7778593641025613,-
623,50.982541839052814,3.7778602062731403,-
624,50.98254092453807,3.7778609185312964,-
625,50.98254009621366,3.7778615636612,-
626,50.98253923191064,3.7778622368125663,-
627,50.982538006284585,3.77786319137576,-
628,50.98253698680833,3.7778639853817984,-
629,50.98253607007648,3.7778646993666465,-
630,50.98253506463493,3.7778654824418902,-
631,50.98253390190385,3.7778663880200463,-
632,50.98253307357931,3.7778670331499478,-
633,50.982532001688874,3.777867867978011,-
634,50.98253104592976,3.777868612358669,-
635,50.98252993315536,3.777869479028622,-
636,50.982528917669065,3.777870269926989,-
637,50.982527938825655,3.7778710322864995,-
638,50.98252696413869,3.7778717914087983,-
639,50.98252594865233,3.7778725823071717,-
640,50.98252506346353,3.7778732717249492,-
641,50.98252412484933,3.777874002752406,-
642,50.98252325352855,3.777874681369234,-
643,50.98252223405197,3.7778754753752715,-
644,50.98252114338768,3.777876324824902,-
645,50.98252002333994,3.777877197159427,-
646,50.982518916051475,3.7778780595565356,-
647,50.98251809264259,3.777878700857741,-
648,50.98251698535409,3.777879563254851,-
649,50.9825158473268,3.777880449592433,-
650,50.98251482984316,3.7778812420461567,-
651,50.98251389773945,3.777881968002841,-
652,50.98251286245588,3.7778827743197803,-
653,50.98251188361213,3.777883536679289,-
654,50.982510794810395,3.7778843846781065,-
655,50.98250972291943,3.7778852195061714,-
656,50.982507882763095,3.7778866526874846,-
657,50.982508488585054,3.777887999904518,-
658,50.98250911501768,3.777889392955243,-
659,50.982509761404124,3.7778908303789476,-
660,50.98251030802584,3.777892045947475,-
661,50.98251121481729,3.7778940624556996,-
662,50.98251233486525,3.7778931901211728,-
663,50.982513397244944,3.7778923627007828,-
664,50.98251438229049,3.7778915955110675,-
665,50.98251553801757,3.777890695388254,-
666,50.982516439116225,3.777889993579438,-
667,50.98251740333386,3.777889242611211,-
668,50.98251846380097,3.7778884166803315,-
669,50.982519483277635,3.777887622674296,-
670,50.982520588731305,3.777886761706179,-
671,50.982521686815176,3.777885906477918,-
672,50.982522872025235,3.7778849833925405,-
673,50.98252380630404,3.777884255741672,-
674,50.98252484354628,3.7778834478990593,-
675,50.98252592298551,3.777882607191856,-
676,50.98252687235163,3.7778818677903883,-
677,50.98252788182319,3.7778810815765524,-
678,50.982528839703924,3.7778803355435464,-
679,50.9825297542189,3.7778796232853904,-
680,50.98253078753948,3.7778788184970153,-
681,50.98253188191961,3.777877966153169,-
682,50.98253298920777,3.777877103756058,-
683,50.98253403424873,3.77787628983935,-
684,50.982535100442604,3.77787545944796,-
685,50.98253606465985,3.777874708479731,-
686,50.982537142216614,3.7778738692384466,-
687,50.98253829969823,3.777872967748702,-
688,50.982539363986376,3.7778721388414804,-
689,50.98254027181763,3.7778714317886903,-
690,50.98254122118345,3.777870692387221,-
691,50.982542204165476,3.7778699268041898,-
692,50.982543287358894,3.7778690831727717,-
693,50.982544521238275,3.7778681221814794,-
694,50.98254557402012,3.7778673022356815,-
695,50.98254664021373,3.7778664718442916,-
696,50.98254767549655,3.7778656655273535,-
697,50.98254877911172,3.777864805990605,-
698,50.982549745431655,3.777864053384497,-
699,50.98255085455113,3.777863189560755,-
700,50.98255191501748,3.7778623636298714,-
701,50.98255303687535,3.7778614898849447,-
702,50.98255412006851,3.7778606462535325,-
703,50.98255508428536,3.777859895285309,-
704,50.982555939141854,3.7778592294910034,-
705,50.98255676991303,3.7778585824552464,-
706,50.982557843695034,3.777857746153525,-
707,50.98255881629646,3.777856988655017,-
708,50.98255991807047,3.777856130552027,-
709,50.98256083921985,3.777855413126274,-
710,50.98256166508959,3.777854769907871,-
711,50.98256275575293,3.777853920458241,-
712,50.98256367248424,3.777853206473395,-
713,50.98256486962229,3.777852274097208,-
714,50.982565912718265,3.7778514616947723,-
715,50.98256706139691,3.7778505670605607,-
716,50.982568092750306,3.7778497638036566,-
717,50.982569031363624,3.7778490327762,-
718,50.98256994809481,3.7778483187913547,-
719,50.98257088886831,3.7778475860814416,-
720,50.98257174372452,3.777846920287141,-
721,50.982572549690666,3.7778462925702536,-
722,50.98257356317505,3.777845503230307,-
723,50.98257466678961,3.7778446436935615,-
724,50.98257540985363,3.7778440649671894,-
725,50.982576409219085,3.7778432866235585,-
726,50.98257745231481,3.777842474221117,-
727,50.98257834207724,3.77784178124044,-
728,50.98257938711716,3.77784096732374,-
729,50.982580483349466,3.777840113536467,-
730,50.98258148474397,3.7778393336124454,-
731,50.98258245525553,3.7778385777412167,-
732,50.982583360847144,3.777837872432083,-
733,50.98258443084094,3.7778370390802882,-
734,50.982585510278774,3.7778361983730826,-
735,50.98258654947485,3.777835389007675,-
736,50.982587507354374,3.77783464297467,-
737,50.982588508748734,3.777833863050648,-
738,50.982589604980824,3.7778330092633747,-
739,50.98259052392326,3.777832293556007,-
740,50.98259166551062,3.7778314044442833,-
741,50.98259273170316,3.777830574052893,-
742,50.982593851749144,3.7778297017183666,-
743,50.98259475509621,3.7778289981572133,-
744,50.98259577257809,3.7778282057034867,-
745,50.982596778018326,3.777827422628243,-
746,50.98259768808174,3.777826713836082,-
747,50.98259855472914,3.777826038857974,-
748,50.98259960170927,3.777825223429817,-
749,50.982600677379075,3.7778243856570253,-
750,50.98260176804151,3.7778235362073924,-
751,50.98260286981449,3.7778226781044024,-
752,50.982603814892954,3.777821942041104,-
753,50.982604704654875,3.7778212490604206,-
754,50.982605743850534,3.777820439695008,-
755,50.982606735057104,3.7778196677053115,-
756,50.982607853288904,3.777818796783478,-
757,50.982608980560705,3.777817918820933,-
758,50.9826100236557,3.7778171064184907,-
759,50.982611074506124,3.7778162879758024,-
760,50.9826119642679,3.77781559499512,-
761,50.98261308793233,3.777814719842059,-
762,50.982614186014,3.7778138646137958,-
763,50.9826153204658,3.7778129810590766,-
764,50.98261631167216,3.777812209069378,-
765,50.98261738922708,3.777811369828094,-
766,50.982618359737884,3.7778106139568637,-
767,50.982619330248674,3.777809858085634,-
768,50.982620420910656,3.7778090086360026,-
769,50.98262156427407,3.7778081181404475,-
770,50.98262248981914,3.7778073972902044,-
771,50.98262340654927,3.7778066833053603,-
772,50.982624414005834,3.7778058986592535,-
773,50.98262551945702,3.7778050376911394,-
774,50.9826266175384,3.777804182462873,-
775,50.9826275474595,3.777803458204333,-
776,50.982628617452264,3.7778026248525385,-
777,50.982629676000904,3.7778018004138536,-
778,50.98263082113812,3.7778009085366104,-
779,50.982631969815145,3.7778000139023997,-
780,50.98263304170329,3.77779917907434,-
781,50.982633910689145,3.7777985022744303,-
782,50.98263488953032,3.77779773991492,-
783,50.982635860040766,3.777796984043692,-
784,50.9826367520806,3.7777962892884087,-
785,50.98263789188726,3.7777954015626753,-
786,50.98263960708743,3.7777940656980666,-
787,50.98264017710664,3.777795631848559,-
788,50.98264067009646,3.7777969863577554,-
789,50.982641239256544,3.7777985501478017,-
790,50.98264185759124,3.7778002490470617,-
791,50.98264244424555,3.777801860903262,-
792,50.98264143276758,3.7778026486817002,-
793,50.982640419284685,3.777803438021647,-
794,50.9826395410047,3.7778041220602647,-
795,50.98263861985689,3.777804839486023,-
796,50.982637467651045,3.7778057368687366,-
797,50.982636411021986,3.7778065598125163,-
798,50.982635257055655,3.7778074585663237,-
799,50.98263429917711,3.7778082045993293,-
800,50.982633254138406,3.7778090185160327,-
801,50.98263221494338,3.7778098278814394,-
802,50.98263115831419,3.7778106508252223,-
803,50.982630226212805,3.7778113767819073,-
804,50.982629222794294,3.7778121582831288,-
805,50.98262801889435,3.7778130959270264,-
806,50.98262687908744,3.7778139836527656,-
807,50.98262601244058,3.777814658630871,-
808,50.9826250482252,3.7778154095991017,-
809,50.98262411830406,3.777816133857636,-
810,50.98262300553191,3.777817000527592,-
811,50.98262182719523,3.7778179182617015,-
812,50.98262078215625,3.7778187321784062,-
813,50.9826197083757,3.777819568480128,-
814,50.98261871921947,3.777820338873152,-
815,50.982617647331,3.777821173701216,-
816,50.98261662984959,3.777821966154943,-
817,50.98261555796107,3.777822800983006,-
818,50.98261467048373,3.777823492184531,-
819,50.98261357240206,3.777824347412797,-
820,50.98261251385304,3.7778251718514837,-
821,50.98261142505366,3.777826019850306,-
822,50.98261065515622,3.7778266194760204,-
823,50.98260973400783,3.7778273369017787,-
824,50.982608774011894,3.7778280845834793,-
825,50.9826076575969,3.7778289540903316,-
826,50.982606505390294,3.777829851473041,-
827,50.98260543160941,3.777830687774763,-
828,50.982604446565816,3.7778314549644763,-
829,50.982603304978774,3.7778323440761996,-
830,50.98260223308994,3.7778331789042636,-
831,50.98260118030938,3.777833998850067,-
832,50.982600054839594,3.777834875409,-
833,50.982599314512846,3.7778354520037776,-
834,50.98259824641825,3.7778362838766886,-
835,50.982597217035625,3.7778370855991947,-
836,50.98259643666268,3.7778376933834568,-
837,50.9825955469006,3.7778383863641354,-
838,50.982594670934084,3.777839068600278,-
839,50.98259378804282,3.777839756229676,-
840,50.98259281127681,3.777840516972303,-
841,50.982591834510764,3.7778412777149284,-
842,50.98259069114661,3.777842168210487,-
843,50.982589677662595,3.777842957550436,-
844,50.9825886742432,3.777843739051657,-
845,50.98258778220246,3.777844433806939,-
846,50.98258668782364,3.777845286150782,-
847,50.982585719406046,3.777846040391215,-
848,50.98258470993574,3.777846826605052,-
849,50.98258365715478,3.7778476465508493,-
850,50.982582592867644,3.7778484754580717,-
851,50.98258152287382,3.7778493088098646,-
852,50.982580351447226,3.7778502211613265,-
853,50.98257927389146,3.7778510604026057,-
854,50.9825782604072,3.7778518497425546,-
855,50.98257724093182,3.777852643748593,-
856,50.982576144699436,3.777853497535869,-
857,50.982575143304814,3.7778542774598907,-
858,50.982574071415335,3.7778551122879525,-
859,50.98257307204984,3.777855890631581,-
860,50.982572089068476,3.777856656214614,-
861,50.98257100213414,3.7778575027601358,-
862,50.98257010555336,3.777858201051091,-
863,50.982568939336694,3.777859109344632,-
864,50.98256797091874,3.7778598635850664,-
865,50.982566965477886,3.7778606466603133,-
866,50.98256595600716,3.7778614328741495,-
867,50.98256494252261,3.7778622222140927,-
868,50.9825639492693,3.7778629957971672,-
869,50.982562958061806,3.777863767786861,-
870,50.98256193461152,3.777864564888448,-
871,50.98256085141855,3.77786540851986,-
872,50.982559787130896,3.777866237427083,-
873,50.98255870019626,3.777867083972606,-
874,50.98255784060373,3.7778677534555465,-
875,50.982557034637324,3.7778683811724343,-
876,50.9825559164043,3.7778692520942654,-
877,50.98255498212614,3.7778699797451316,-
878,50.98255395274257,3.7778707814676378,-
879,50.98255288845477,3.7778716103748606,-
880,50.98255194122981,3.7778723481091316,-
881,50.98255083577688,3.777873209077248,-
882,50.98254964885603,3.777874133495601,-
883,50.98254871893338,3.7778748577541417,-
884,50.982547602516924,3.777875727260997,-
885,50.98254647344432,3.7778766066249228,-
886,50.982545480190616,3.7778773802079986,-
887,50.98254440640832,3.777878216509724,-
888,50.98254335748989,3.7778790334465366,-
889,50.98254239960946,3.777879779479542,-
890,50.982541394168045,3.777880562554789,-
891,50.98254030910217,3.7778814076445126,-
892,50.98253915337569,3.777882307767328,-
893,50.98253811417855,3.7778831171327365,-
894,50.98253719744674,3.7778838311175806,-
895,50.982536224844864,3.7778845886160877,-
896,50.98253532374661,3.7778852904249027,-
897,50.98253438513262,3.7778860214523577,-
898,50.982533252469615,3.777886903612361,-
899,50.98253231819099,3.7778876312632286,-
900,50.982531446870375,3.7778883098800584,-
901,50.982530268531384,3.7778892276141725,-
902,50.98252926916494,3.7778900059578038,-
903,50.982528224123875,3.777890819874505,-
904,50.982527139057694,3.777891664964227,-
905,50.98252610770339,3.7778924682211334,-
906,50.982525252846344,3.7778931340154354,-
907,50.98252415661273,3.7778939878027096,-
908,50.98252311351582,3.7778948002051473,-
909,50.98252227061535,3.7778954566871827,-
910,50.98252135832261,3.777896167214453,-
911,50.9825203230392,3.777896973531399,-
912,50.98251935462023,3.777897727771833,-
913,50.982518227346254,3.7778986057343804,-
914,50.982517129262305,3.7778994609626495,-
915,50.982516333433544,3.7779000807834096,-
916,50.98251454687124,3.7779014722239137,-
917,50.98251511712454,3.7779027403440875,-
918,50.982515830181256,3.7779043260282665,-
919,50.9825165092546,3.777905836140809,-
920,50.982517189060886,3.7779073478832683,-
921,50.98251787892497,3.7779088819921265,-
922,50.982518880320825,3.777908102068103,-
923,50.982519774635634,3.777907405542741,-
924,50.9825207514032,3.7779066448001095,-
925,50.98252167255336,3.77790592737435,-
926,50.98252276878702,3.7779050735870765,-
927,50.98252364937744,3.777904387750717,-
928,50.98252468661968,3.7779035799081018,-
929,50.98252570210608,3.777902789009735,-
930,50.982526790907464,3.7779019410109185,-
931,50.982527868464445,3.7779011017696376,-
932,50.982528828462044,3.7779003540879392,-
933,50.98252969276526,3.777899680936571,-
934,50.982530473139335,3.7778990731523114,-
935,50.982531301463915,3.777898428022408,-
936,50.982532430536885,3.7778975486584807,-
937,50.98253340104948,3.7778967927872524,-
938,50.98253446533773,3.7778959638800322,-
939,50.98253555227293,3.7778951173345137,-
940,50.98253647121645,3.777894401627143,-
941,50.98253741414589,3.777893667238624,-
942,50.98253854501517,3.777892786475551,-
943,50.982539648630556,3.777891926938804,-
944,50.982540641884384,3.7778911533557347,-
945,50.982541719441045,3.777890314114457,-
946,50.98254270035579,3.777889550141484,-
947,50.98254383122495,3.777888669378406,-
948,50.98254476550334,3.777887941727538,-
949,50.982545591373366,3.7778872985091363,-
950,50.982546702321656,3.7778864332611173,-
951,50.9825475548004,3.777885769318821,-
952,50.982548482537595,3.777885046762423,-
953,50.98254943190325,3.7778843073609565,-
954,50.98255052628294,3.7778834550171085,-
955,50.98255143857509,3.7778827444898377,-
956,50.98255260479219,3.7778818361962982,-
957,50.9825535918955,3.77788106740326,-
958,50.982554597336645,3.7778802843280173,-
959,50.98255556155348,3.7778795333597928,-
960,50.98255665035417,3.777878685360976,-
961,50.982557631268605,3.7778779213880025,-
962,50.98255877994744,3.7778770267537958,-
963,50.98255984041361,3.777876200822911,-
964,50.982560829571106,3.777875430429885,-
965,50.98256175511738,3.777874709579641,-
966,50.98256277459309,3.777873915573605,-
967,50.98256367117401,3.7778732172826484,-
968,50.98256471621428,3.777872403365945,-
969,50.982565847082896,3.777871522602873,-
970,50.982566876466194,3.7778707208803737,-
971,50.982567775308276,3.77787002082828,-
972,50.98256862778663,3.777869356885986,-
973,50.98256963524439,3.7778685722398757,-
974,50.98257053859191,3.7778678686787264,-
975,50.982571430633,3.7778671739234433,-
976,50.98257241154712,3.777866409950469,-
977,50.98257335016035,3.777865678923012,-
978,50.98257434341347,3.7778649053399382,-
979,50.9825753884535,3.7778640914232335,-
980,50.98257654242132,3.7778631926694253,-
981,50.982577409069094,3.7778625176913225,-
982,50.98257840640121,3.777861740931304,-
983,50.982579581288505,3.7778608258845603,-
984,50.982580811872175,3.7778598674593344,-
985,50.98258189318903,3.7778590252887514,-
986,50.982582951738735,3.777858200850063,-
987,50.98258398702075,3.7778573945331178,-
988,50.982585022302736,3.7778565882161783,-
989,50.982586116681595,3.7778557358723335,-
990,50.982587031195436,3.7778550236141752,-
991,50.982587932292695,3.777854321805359,-
992,50.982588953757066,3.7778535262500395,-
993,50.98259005553036,3.7778526681470503,-
994,50.98259100275454,3.7778519304127784,-
995,50.982591960633975,3.7778511843797737,-
996,50.98259280593804,3.777850526024749,-
997,50.98259380935734,3.7778497445235257,-
998,50.982594796459786,3.777848975730486,-
999,50.98259581593477,3.777848181724454,-
1000,50.98259691586393,3.7778473250576217,-
1001,50.98259789470589,3.777846562698108,-
1002,50.98259904691272,3.777845665315401,-
1003,50.98260023895202,3.777844736909604,-
1004,50.98260126636068,3.7778439367244383,-
1005,50.98260227381772,3.777843152078327,-
1006,50.982603235925986,3.7778424027515625,-
1007,50.98260419380518,3.777841656718558,-
1008,50.98260519722424,3.777840875217333,-
1009,50.98260623054314,3.7778400704289545,-
1010,50.98260726189566,3.7778392671720535,-
1011,50.9826081939975,3.7778385412153686,-
1012,50.98260910182741,3.7778378341625785,-
1013,50.98261007024451,3.7778370799221457,-
1014,50.98261098918655,3.777836364214775,-
1015,50.98261205156398,3.7778355367943877,-
1016,50.982612979299894,3.7778348142379867,-
1017,50.98261395398505,3.777834055115687,-
1018,50.98261489475765,3.77783332240577,-
1019,50.98261587567085,3.7778325584328014,-
1020,50.98261700653823,3.777831677669727,-
1021,50.98261793645952,3.7778309534111907,-
1022,50.982619021523575,3.7778301083214663,-
1023,50.98262001885479,3.7778293315614477,-
1024,50.982621129801295,3.777828466313427,-
1025,50.98262212305338,3.777827692730358,-
1026,50.9826231835181,3.777826866799474,-
1027,50.982624238224574,3.777826045353314,-
1028,50.982625090701895,3.7778253814110174,-
1029,50.98262610618609,3.7778245905126497,-
1030,50.98262715896608,3.7778237705668487,-
1031,50.98262813365094,3.777823011444551,-
1032,50.98262897171909,3.7778223587246225,-
1033,50.982630213794806,3.777821391347932,-
1034,50.9826311283078,3.777820679089773,-
1035,50.98263219259381,3.777819850182554,-
1036,50.98263323568828,3.7778190377801146,-
1037,50.982634202006466,3.7778182851740065,-
1038,50.982635357730565,3.777817385051192,-
1039,50.98263646867672,3.777816519803172,-
1040,50.98263758327128,3.7778156517136106,-
1041,50.98263871772249,3.77781476815889,-
1042,50.98263977818684,3.7778139422280055,-
1043,50.982640926863645,3.7778130475937965,-
1044,50.98264189528009,3.777812293353362,-
1045,50.98264294612979,3.777811474910675,-
1046,50.98264368645583,3.7778108983159,-
1047,50.98264528140351,3.7778096561084538,-
1048,50.98264577306803,3.7778110069764885,-
1049,50.98264629122303,3.777812430628146,-
1050,50.982646755589094,3.777813706492642,-
1051,50.982647350805195,3.777815341872839,-
1052,50.982648118561286,3.7778174513136493,-
1053,50.98264701127587,3.7778183137107613,-
1054,50.98264600988278,3.7778190936347813,-
1055,50.98264501458958,3.7778198688079554,-
1056,50.98264407597779,3.7778205998354113,-
1057,50.98264303288357,3.7778214122378513,-
1058,50.982641997602876,3.7778222185547903,-
1059,50.98264090137203,3.7778230723420636,-
1060,50.9826397759032,3.7778239489009935,-
1061,50.982638828680024,3.7778246866352623,-
1062,50.98263782122376,3.777825471281369,-
1063,50.98263668677254,3.7778263548360917,-
1064,50.982635601708886,3.7778271999258144,-
1065,50.982634568390644,3.77782800471419,-
1066,50.98263337125439,3.777828937090378,-
1067,50.982632322337956,3.7778297540271937,-
1068,50.982631302863766,3.7778305480332306,-
1069,50.98263025588435,3.777831363461386,-
1070,50.98262931727227,3.7778320944888435,-
1071,50.98262822847329,3.777832942487663,-
1072,50.982627221016806,3.777833727133771,-
1073,50.98262611189916,3.77783459095751,-
1074,50.98262519738608,3.7778353032156673,-
1075,50.98262406831535,3.777836182579592,-
1076,50.98262319234939,3.7778368648157326,-
1077,50.982622381362496,3.7778374964436643,-
1078,50.98262145362677,3.7778382190000643,-
1079,50.98262037984624,3.7778390553017864,-
1080,50.98261943691848,3.7778397896903066,-
1081,50.982618389938786,3.7778406051184636,-
1082,50.982617421521866,3.7778413593589013,-
1083,50.98261625183033,3.7778422703597303,-
1084,50.98261519905009,3.7778430903055304,-
1085,50.982614069979135,3.777843969669453,-
1086,50.982613105763505,3.7778447206376766,-
1087,50.98261204913389,3.7778455435814626,-
1088,50.982611035650336,3.7778463329214125,-
1089,50.9826099487169,3.7778471794669373,-
1090,50.982608856195064,3.7778480303649076,-
1091,50.98260784271144,3.7778488197048556,-
1092,50.98260682722685,3.7778496106032233,-
1093,50.982605776376325,3.7778504290459134,-
1094,50.982604912074535,3.777851102197283,-
1095,50.982603886643645,3.7778519008421494,-
1096,50.98260278302979,3.7778527603788947,-
1097,50.98260173799037,3.777853574295598,-
1098,50.98260066610152,3.777854409123661,-
1099,50.98259967284897,3.7778551827067304,-
1100,50.982598749499296,3.7778559018467672,-
1101,50.982597785283346,3.7778566528149953,-
1102,50.98259673830318,3.777857468243153,-
1103,50.982595683596074,3.777858289689314,-
1104,50.98259466213185,3.777859085244634,-
1105,50.98259371490776,3.7778598229789058,-
1106,50.982592665990424,3.777860639915718,-
1107,50.98259171023256,3.7778613842963784,-
1108,50.982590754474664,3.7778621286770386,-
1109,50.98258964352742,3.7778629939250576,-
1110,50.98258867301601,3.777863749796286,-
1111,50.982587574933724,3.7778646050245537,-
1112,50.98258658577681,3.77786537541758,-
1113,50.98258568919632,3.777866073708533,-
1114,50.98258458558203,3.7778669332452806,-
1115,50.98258363195028,3.7778676759699192,-
1116,50.9825826469062,3.7778684431596314,-
1117,50.98258165980351,3.77786921195267,-
1118,50.98258050583581,3.777870110706479,-
1119,50.98257946859481,3.777870918549092,-
1120,50.982578425499135,3.777871730951531,-
1121,50.98257745081323,3.7778724900738347,-
1122,50.982576328955936,3.777873363818766,-
1123,50.98257536684711,3.7778741131455273,-
1124,50.982574355367674,3.7778749009239725,-
1125,50.982573345897116,3.77787568713781,-
1126,50.98257227211547,3.7778765234395326,-
1127,50.98257123879581,3.7778773282279094,-
1128,50.9825701260224,3.77787819489786,-
1129,50.98256899874965,3.7778790728604106,-
1130,50.98256793637122,3.7778799002808,-
1131,50.98256689133103,3.777880714197501,-
1132,50.98256614011601,3.7778812992720687,-
1133,50.98256498088265,3.7778822021266767,-
1134,50.98256399377957,3.777882970919715,-
1135,50.98256303589956,3.777883716952715,-
1136,50.982562018416964,3.7778845094064417,-
1137,50.982561081968704,3.7778852387475603,-
1138,50.982560010078906,3.777886073575626,-
1139,50.9825591434308,3.7778867485537306,-
1140,50.98255813395991,3.7778875347675682,-
1141,50.982557150978224,3.777888300350602,-
1142,50.982556117658234,3.777889105138976,-
1143,50.98255512440474,3.7778898787220476,-
1144,50.98255427192614,3.777890542664344,-
1145,50.98255322688563,3.7778913565810512,-
1146,50.982552310154105,3.777892070565897,-
1147,50.98255113699517,3.7778929842659936,-
1148,50.982550097798295,3.777893793631407,-
1149,50.98254907038851,3.7778945938165696,-
1150,50.98254803706834,3.7778953986049473,-
1151,50.982546931615325,3.7778962595730623,-
1152,50.982545844680395,3.7778971061185826,-
1153,50.98254486376571,3.777897870091555,-
1154,50.98254379757207,3.777898700482944,-
1155,50.98254288084037,3.7778994144677904,-
1156,50.982541986525995,3.7779001109931545,-
1157,50.98254112693316,3.777900780476093,-
1158,50.982540060739446,3.777901610867481,-
1159,50.98253913519273,3.7779023317177223,-
1160,50.98253815842555,3.777903092460351,-
1161,50.9825370808688,3.7779039317016334,-
1162,50.98253606139251,3.7779047257076717,-
1163,50.98253513584571,3.7779054465579147,-
1164,50.98253417584824,3.777906194239612,-
1165,50.98253310775213,3.777907026112522,-
1166,50.98253201895089,3.7779078741113383,-
1167,50.98253096424233,3.777908695557494,-
1168,50.982529873578244,3.7779095450071245,-
1169,50.982528937129345,3.777910274348236,-
1170,50.9825279562143,3.77791103832121,-
1171,50.98252710851102,3.7779116985439147,-
1172,50.9825262489179,3.7779123680268527,-
1173,50.98252520972047,3.7779131773922603,-
1174,50.98252428417345,3.7779138982425065,-
1175,50.98252327671472,3.777914682888616,-
1176,50.982521210978454,3.7779162917603406,-
1177,50.98252189443761,3.7779178116261387,-
1178,50.98252265905678,3.7779195119743525,-
1179,50.98252340921064,3.7779211801548604,-
1180,50.982524543031694,3.7779237015285556,-
1181,50.98252563183311,3.7779228535297382,-
1182,50.98252660443521,3.7779220960312316,-
1183,50.982527629867796,3.777921297386367,-
1184,50.98252862312187,3.777920523803291,-
1185,50.982529696904535,3.7779196875015653,-
1186,50.98253075545543,3.777918863062876,-
1187,50.98253196104285,3.7779179241066747,-
1188,50.982532964463466,3.7779171426054545,-
1189,50.98253396179653,3.777916365845438,-
1190,50.98253480469678,3.7779157093634006,-
1191,50.982535804063104,3.7779149310197666,-
1192,50.982536916837354,3.777914064349815,-
1193,50.98253788315755,3.7779133117437045,-
1194,50.98253887026118,3.777912542950665,-
1195,50.98253978032573,3.777911834158505,-
1196,50.98254086912679,3.7779109861596853,-
1197,50.98254163902539,3.777910386533968,-
1198,50.9825427662988,3.7779095085714216,-
1199,50.98254373681116,3.7779087527001947,-
1200,50.982544608131555,3.7779080740833684,-
1201,50.98254562760764,3.777907280077331,-
1202,50.98254675488095,3.777906402114785,-
1203,50.98254772539323,3.7779056462435574,-
1204,50.98254889161042,3.777904737950016,-
1205,50.982549915061014,3.77790394084843,-
1206,50.98255110198184,3.777903016430079,-
1207,50.982552025332474,3.77790229729004,-
1208,50.98255320711134,3.777901376876406,-
1209,50.98255418595421,3.7779006145168945,-
1210,50.98255519743409,3.7778998267384543,-
1211,50.982556250215694,3.7778990067926563,-
1212,50.98255735933501,3.7778981429689145,-
1213,50.982558451858054,3.777897292070949,-
1214,50.98255958272682,3.777896411307877,-
1215,50.982560616046726,3.777895606519499,-
1216,50.98256183169407,3.77789465972764,-
1217,50.982562967935095,3.7778937747803987,-
1218,50.982563904383305,3.7778930454392836,-
1219,50.98256495909113,3.7778922239931245,-
1220,50.982565923307746,3.7778914730248956,-
1221,50.98256694675796,3.777890675923305,-
1222,50.98256785010553,3.777889972362154,-
1223,50.98256882270675,3.777889214863646,-
1224,50.982569807751105,3.777888447673934,-
1225,50.982570819230645,3.7778876598954922,-
1226,50.98257176859583,3.7778869204940237,-
1227,50.982572934812424,3.777886012200485,-
1228,50.9825739362071,3.777885232276461,-
1229,50.98257493353928,3.7778844555164413,-
1230,50.98257586998726,3.7778837261753258,-
1231,50.98257682361918,3.7778829834506884,-
1232,50.98257786281546,3.7778821740852777,-
1233,50.98257882703182,3.777881423117051,-
1234,50.982579741545806,3.777880710858894,-
1235,50.98258087420767,3.7778798286988904,-
1236,50.98258202993311,3.777878928576079,-
1237,50.982583190915825,3.7778780243586727,-
1238,50.9825842908453,3.777877167691838,-
1239,50.982585322198304,3.7778763644349347,-
1240,50.9825864726423,3.777875468425421,-
1241,50.98258745562335,3.77787470284239,-
1242,50.98258852561705,3.7778738694905942,-
1243,50.98258958032431,3.7778730480444374,-
1244,50.98259041596748,3.777872397213718,-
1245,50.98259144535024,3.7778715954912125,-
1246,50.98259250581565,3.777870769560329,-
1247,50.982593265093605,3.7778701782057054,-
1248,50.9825943023343,3.7778693703630912,-
1249,50.9825953892681,3.777868523817571,-
1250,50.9825964107323,3.777867728262255,-
1251,50.98259744011492,3.7778669265397498,-
1252,50.98259832300611,3.777866238910355,-
1253,50.98259929351732,3.7778654830391267,-
1254,50.982600363510734,3.7778646496873316,-
1255,50.98260129343235,3.777863925428792,-
1256,50.98260217861968,3.777863236011018,-
1257,50.982603267419286,3.7778623880121973,-
1258,50.9826043085665,3.777861577126849,-
1259,50.98260523411193,3.777860856276605,-
1260,50.98260619622014,3.7778601069498405,-
1261,50.98260711295059,3.7778593929649946,-
1262,50.982608072946555,3.7778586452832963,-
1263,50.98260911018692,3.7778578374406826,-
1264,50.98261026766674,3.7778569359509384,-
1265,50.982611238177704,3.77785618007971,-
1266,50.98261216591361,3.777855457523315,-
1267,50.98261318538824,3.777854663517279,-
1268,50.98261415589913,3.7778539076460516,-
1269,50.98261501549063,3.777853238163107,-
1270,50.98261602696917,3.777852450384664,-
1271,50.98261704045262,3.777851661044715,-
1272,50.98261801513768,3.7778509019224145,-
1273,50.98261902460726,3.7778501157085786,-
1274,50.982619980364575,3.7778493713279224,-
1275,50.9826210057951,3.7778485726830575,-
1276,50.98262198463655,3.777847810323545,-
1277,50.98262300012081,3.7778470194251783,-
1278,50.9826239706315,3.777846263553951,-
1279,50.98262498210986,3.77784547577551,-
1280,50.982625973316026,3.7778447037858145,-
1281,50.982626887829085,3.7778439915276567,-
1282,50.982627883122674,3.7778432163544804,-
1283,50.98262886816578,3.7778424491647664,-
1284,50.98262994383491,3.777841611391974,-
1285,50.98263099081434,3.777840795963817,-
1286,50.982632049362934,3.777839971525131,-
1287,50.98263293683995,3.777839280323609,-
1288,50.98263388191777,3.777838544260314,-
1289,50.98263483767478,3.777837799879652,-
1290,50.982635841093185,3.7778370183784284,-
1291,50.982636815777866,3.7778362592561257,-
1292,50.98263779875786,3.7778354936730936,-
1293,50.98263893499702,3.7778346087258496,-
1294,50.982639792223274,3.77783394108468,-
1295,50.982640867892165,3.77783310331189,-
1296,50.98264194544651,3.777832264070611,-
1297,50.98264275141143,3.777831636353722,-
1298,50.98264373645422,3.7778308691640072,-
1299,50.982644749937066,3.7778300798240583,-
1300,50.98264575537623,3.7778292967488127,-
1301,50.98264683481266,3.777828456041606,-
1302,50.98264786419416,3.7778276543190996,-
1303,50.9826489246583,3.777826828388215,-
1304,50.982649874021895,3.7778260889867474,-
1305,50.98265095571889,3.777825246518844,-
1306,50.98265153228194,3.777826830649191,-
1307,50.98265215035264,3.777828528823511,-
1308,50.98265271114002,3.777830069609563,-
1309,50.98265322104454,3.7778314705929406,-
1310,50.982653792876334,3.7778330417240356,-
1311,50.982652837119716,3.7778337861046922,-
1312,50.98265187712468,3.7778345337863883,-
1313,50.982650960395105,3.7778352477712347,-
1314,50.982649950926216,3.77783603398507,-
1315,50.98264891173155,3.777836843350478,-
1316,50.98264792257594,3.7778376137434995,-
1317,50.9826469625808,3.777838361425197,-
1318,50.982645866350076,3.777839215212469,-
1319,50.98264496075968,3.7778399205215996,-
1320,50.98264387009827,3.7778407699712266,-
1321,50.982642779436844,3.777841619420858,-
1322,50.9826417861852,3.777842393003932,-
1323,50.98264079702943,3.7778431633969567,-
1324,50.98263980787366,3.7778439337899816,-
1325,50.98263894828263,3.7778446032729187,-
1326,50.98263791300184,3.77784540958986,-
1327,50.982636915671016,3.77784618634988,-
1328,50.98263579562606,3.777847058684405,-
1329,50.98263480442011,3.7778478306741015,-
1330,50.98263365928298,3.7778487225513455,-
1331,50.982632749220265,3.7778494313435047,-
1332,50.98263183915752,3.777850140135665,-
1333,50.98263074849581,3.777850989585299,-
1334,50.98262978007914,3.7778517438257326,-
1335,50.98262863140205,3.777852638459943,-
1336,50.98262763203773,3.7778534168035693,-
1337,50.98262659675669,3.7778542231205074,-
1338,50.9826256346489,3.777854972447271,-
1339,50.9826246895709,3.7778557085105664,-
1340,50.982623646476235,3.777856520913005,-
1341,50.98262250311288,3.7778574114085655,-
1342,50.982621495656275,3.777858196054674,-
1343,50.982620410592276,3.7778590411443944,-
1344,50.98261927972499,3.77785992190747,-
1345,50.98261826025051,3.777860715913506,-
1346,50.98261739594895,3.777861389064875,-
1347,50.98261642753199,3.777862143305313,-
1348,50.98261537475175,3.777862963251114,-
1349,50.98261429343568,3.777863805421695,-
1350,50.98261338784466,3.7778645107308275,-
1351,50.98261226598825,3.7778653844757577,-
1352,50.9826112996696,3.777866137081864,-
1353,50.98261031051318,3.7778669074748903,-
1354,50.982609188656696,3.777867781219821,-
1355,50.98260820567609,3.777868546802853,-
1356,50.982607131895264,3.777869383104576,-
1357,50.982606174016134,3.777870129137582,-
1358,50.98260519103547,3.777870894720614,-
1359,50.982604155753926,3.777871701037556,-
1360,50.98260321498111,3.7778724337474716,-
1361,50.98260225287284,3.7778731830742363,-
1362,50.98260114192587,3.7778740483222544,-
1363,50.982600032807596,3.7778749121459954,-
1364,50.98259897617768,3.77787573508978,-
1365,50.982597925326985,3.7778765535324683,-
1366,50.98259683094841,3.7778774058763145,-
1367,50.982595932106896,3.7778781059284072,-
1368,50.982594837728264,3.7778789582722543,-
1369,50.982593884096715,3.777879700996891,-
1370,50.98259281980982,3.777880529904109,-
1371,50.982591784528005,3.777881336221052,-
1372,50.98259072024106,3.7778821651282732,-
1373,50.98258979250471,3.777882887684672,-
1374,50.98258887799092,3.7778835999428293,-
1375,50.98258786450687,3.777884389282774,-
1376,50.98258674809137,3.7778852587896283,-
1377,50.98258596253298,3.7778858706123692,-
1378,50.982585008901246,3.777886613337003,-
1379,50.982584085551274,3.777887332477042,-
1380,50.98258312133502,3.777888083445266,-
1381,50.98258213423233,3.7778888522383074,-
1382,50.98258114302522,3.7778896242280062,-
1383,50.982580074930205,3.7778904561009137,-
1384,50.98257907759814,3.7778912328609313,-
1385,50.98257796118242,3.77789210236778,-
1386,50.98257681604391,3.7778929942450206,-
1387,50.982575663836535,3.77789389162773,-
1388,50.98257461879651,3.777894705544435,-
1389,50.982573615376786,3.777895487045658,-
1390,50.98257257813563,3.7778962948882695,-
1391,50.982571626634645,3.777897035953188,-
1392,50.98257057385339,3.777897855898984,-
1393,50.982569519145706,3.77789867734514,-
1394,50.98256853823151,3.777899441318115,-
1395,50.98256746444976,3.777900277619837,-
1396,50.98256644497414,3.7779010716258714,-
1397,50.982565427491615,3.7779018640796003,-
1398,50.98256436129845,3.777902694470989,-
1399,50.98256339078651,3.7779034503422166,-
1400,50.982562437154314,3.7779041930668553,-
1401,50.98256147083463,3.7779049456729616,-
1402,50.98256024190111,3.7779059028125763,-
1403,50.9825591531005,3.7779067508113995,-
1404,50.98255823195109,3.777907468237155,-
1405,50.98255703142632,3.7779084032509074,-
1406,50.98255595198782,3.77790924395811,-
1407,50.98255512366367,3.777909889088017,-
1408,50.982554122268596,3.7779106690120403,-
1409,50.982553218920756,3.7779113725731923,-
1410,50.98255217582448,3.777912184975632,-
1411,50.982550995764555,3.7779131040504823,-
1412,50.98254993338571,3.7779139314708736,-
1413,50.98254881515252,3.777914802392707,-
1414,50.98254796984766,3.7779154607477334,-
1415,50.98254695236473,3.7779162532014574,-
1416,50.982545903446336,3.7779170701382734,-
1417,50.98254499785399,3.777917775447405,-
1418,50.98254423324692,3.7779183709519306,-
1419,50.98254332765453,3.777919076261062,-
1420,50.982542151039816,3.777919992652475,-
1421,50.98254102376639,3.7779208706150254,-
1422,50.98254010703463,3.7779215845998717,-
1423,50.98253899243772,3.7779224526894377,-
1424,50.9825380603345,3.7779231786461223,-
1425,50.982536866591886,3.7779241083772694,-
1426,50.982535956527265,3.7779248171694286,-
1427,50.98253480608202,3.7779257131789423,-
1428,50.982533863152526,3.7779264475674608,-
1429,50.982532812300356,3.777927266010152,-
1430,50.98253168322738,3.777928145374077,-
1431,50.98253058514374,3.7779290006023443,-
1432,50.98252959188971,3.777929774185419,-
1433,50.9825278750847,3.7779311112967675,-
1434,50.98252844751686,3.777932384262659,-
1435,50.98252910422141,3.7779338446322055,-
1436,50.98252977332123,3.7779353325662006,-
1437,50.98253031628633,3.777936540003739,-
1438,50.98253120713746,3.777938521064979,-
1439,50.98253206908877,3.7779378497453178,-
1440,50.98253313337705,3.7779370208380945,-
1441,50.9825342128161,3.7779361801308897,-
1442,50.98253535795566,3.777935288253645,-
1443,50.98253637743196,3.7779344942476074,-
1444,50.98253739690825,3.777933700241569,-
1445,50.98253829800646,3.7779329984327505,-
1446,50.982539410780646,3.777932131762794,-
1447,50.982540552369265,3.77793124265107,-
1448,50.982541635562704,3.777930399019655,-
1449,50.9825427465111,3.777929533771637,-
1450,50.982543731556014,3.7779287665819234,-
1451,50.982544699974476,3.7779280123414902,-
1452,50.98254574889289,3.777927195404675,-
1453,50.98254664320717,3.777926498879312,-
1454,50.98254754204965,3.7779257988272135,-
1455,50.98254850204685,3.777925051145517,-
1456,50.98254948502872,3.777924285562484,-
1457,50.98255039954328,3.7779235733043266,-
1458,50.98255158132218,3.7779226528906977,-
1459,50.9825525434315,3.7779219035639353,-
1460,50.982553499190175,3.777921159183275,-
1461,50.982554502610334,3.7779203776820527,-
1462,50.98255562446815,3.777919503937124,-
1463,50.98255660951279,3.7779187367474094,-
1464,50.982557604807894,3.777917961574236,-
1465,50.98255851709991,3.777917251046962,-
1466,50.98255956408095,3.777916435618804,-
1467,50.98256057153889,3.777915650972695,-
1468,50.98256159300386,3.777914855417379,-
1469,50.98256277306353,3.7779139363425323,-
1470,50.982563884011405,3.777913071094516,-
1471,50.98256504499457,3.77791216687711,-
1472,50.98256607437789,3.7779113651546075,-
1473,50.982567119418114,3.777910551237904,-
1474,50.98256798136875,3.7779098799182416,-
1475,50.98256891347139,3.7779091539615575,-
1476,50.98256998725312,3.7779083176598345,-
1477,50.98257102253541,3.7779075113428924,-
1478,50.982572038020805,3.7779067204445207,-
1479,50.982573132399956,3.7779058681006776,-
1480,50.98257428988068,3.7779049666109334,-
1481,50.982575234959704,3.77790423054764,-
1482,50.982576372985534,3.7779033442100585,-
1483,50.982577471068076,3.777902488981794,-
1484,50.982578550506084,3.7779016482745895,-
1485,50.98257944934794,3.7779009482224937,-
1486,50.982580525018214,3.777900110449702,-
1487,50.982581630470435,3.7778992494815844,-
1488,50.982582584102246,3.7778985067569453,-
1489,50.98258365599152,3.7778976719288813,-
1490,50.98258467546675,3.777896877922848,-
1491,50.98258577169893,3.7778960241355763,-
1492,50.98258680893979,3.777895216292965,-
1493,50.98258783040417,3.777894420737645,-
1494,50.98258879040054,3.7778936730559467,-
1495,50.9825898603942,3.7778928397041533,-
1496,50.982590956626254,3.7778919859168774,-
1497,50.98259204356014,3.7778911393713557,-
1498,50.9825931833679,3.7778902516456196,-
1499,50.982594323175626,3.7778893639198823,-
1500,50.98259525527773,3.7778886379631973,-
1501,50.98259625260944,3.7778878612031788,-
1502,50.982597309239424,3.7778870382593985,-
1503,50.98259828392491,3.777886279137102,-
1504,50.982599268968634,3.7778855119473924,-
1505,50.98260021619263,3.7778847742131223,-
1506,50.98260130685506,3.7778839247634926,-
1507,50.98260237874391,3.77788308993543,-
1508,50.98260336584616,3.7778823211423935,-
1509,50.982604289195756,3.7778816020023562,-
1510,50.982605165162084,3.777880919766213,-
1511,50.98260620435772,3.7778801104008015,-
1512,50.98260717695813,3.777879352902295,-
1513,50.982608043605346,3.7778786779241877,-
1514,50.982609022447065,3.777877915564679,-
1515,50.98261000954918,3.7778771467716368,-
1516,50.98261096530667,3.777876402390979,-
1517,50.98261194414834,3.7778756400314664,-
1518,50.982612941479694,3.7778748632714465,-
1519,50.98261396888807,3.777874063086283,-
1520,50.98261503508009,3.7778732326948927,-
1521,50.98261592939304,3.7778725361695287,-
1522,50.98261700694797,3.77787169692825,-
1523,50.98261805972816,3.777870876982452,-
1524,50.982619073211566,3.777870087642503,-
1525,50.98261995610235,3.777869400013103,-
1526,50.9826209266131,3.7778686441418707,-
1527,50.982621961894274,3.777867837824926,-
1528,50.9826230673455,3.777866976856808,-
1529,50.9826240336639,3.7778662242506966,-
1530,50.982625178801264,3.7778653323734552,-
1531,50.98262620620936,3.7778645321882918,-
1532,50.98262717671998,3.7778637763170666,-
1533,50.98262820610191,3.777862974594562,-
1534,50.982629404932766,3.7778620408986625,-
1535,50.98263036914806,3.7778612899304376,-
1536,50.98263150717253,3.7778604035928587,-
1537,50.98263256380171,3.777859580649077,-
1538,50.98263356519509,3.7778588007250535,-
1539,50.98263463708319,3.7778579658969926,-
1540,50.982635729604425,3.777857114999025,-
1541,50.982636838721845,3.777856251175285,-
1542,50.982637744312406,3.777855545866156,-
1543,50.982638753781565,3.7778547596523198,-
1544,50.98263980076079,3.7778539442241645,-
1545,50.98264071527358,3.7778532319660094,-
1546,50.98264180407228,3.77785238396719,-
1547,50.98264255798344,3.777851796791808,-
1548,50.98264339605133,3.7778511440718794,-
1549,50.9826442858125,3.777850451091197,-
1550,50.98264515245902,3.7778497761130923,-
1551,50.98264613956036,3.777849007320056,-
1552,50.98264702932147,3.777848314339375,-
1553,50.98264799353639,3.7778475633711444,-
1554,50.98264898474207,3.7778467913814455,-
1555,50.98265002978042,3.7778459774647395,-
1556,50.98265099399527,3.7778452264965083,-
1557,50.98265178982174,3.7778446066757425,-
1558,50.982652789185536,3.777843828332112,-
1559,50.98265379462454,3.777843045256868,-
1560,50.982654812105125,3.777842252803141,-
1561,50.98265663003359,3.7778408369292276,-
1562,50.982657119703404,3.777842182317048,-
1563,50.98265768627814,3.7778437390043056,-
1564,50.9826582891184,3.7778453953325863,-
1565,50.982658861136954,3.7778469669769845,-
1566,50.98265946719067,3.7778486321344222,-
1567,50.98265854384217,3.7778493512744613,-
1568,50.98265756292987,3.7778501152474337,-
1569,50.98265641956735,3.7778510057429906,-
1570,50.98265524987679,3.7778519167438214,-
1571,50.982654168561666,3.7778527589144004,-
1572,50.98265329957618,3.777853435714311,-
1573,50.98265216512531,3.777854319269035,-
1574,50.98265123302435,3.7778550452257216,-
1575,50.98265010936086,3.7778559203787827,-
1576,50.98264902804561,3.7778567625493578,-
1577,50.9826481405689,3.7778574537508796,-
1578,50.98264694853083,3.7778583821566762,-
1579,50.982645895751276,3.7778592021024724,-
1580,50.982644870321295,3.7778600007473377,-
1581,50.98264411910753,3.7778605858219096,-
1582,50.982643006335856,3.777861452491865,-
1583,50.982641886291056,3.777862324826391,-
1584,50.98264091160648,3.7778630839486915,-
1585,50.9826400402879,3.777863762565521,-
1586,50.982639020813885,3.777864556571555,-
1587,50.98263807359068,3.777865294305827,-
1588,50.98263702274086,3.7778661127485145,-
1589,50.98263597964649,3.777866925150951,-
1590,50.98263496816838,3.7778677129293916,-
1591,50.982633987255575,3.777868476902362,-
1592,50.98263295393729,3.7778692816907395,-
1593,50.9826319404542,3.77787007103068,-
1594,50.98263082222298,3.7778709419525165,-
1595,50.98262979679267,3.777871740597382,-
1596,50.98262866413201,3.7778726227573816,-
1597,50.98262784567051,3.7778732602068916,-
1598,50.98262684225193,3.777874041708111,-
1599,50.982625867567045,3.7778748008304106,-
1600,50.98262491180986,3.7778755452110695,-
1601,50.98262399507975,3.777876259195916,-
1602,50.982622979595504,3.777877050094285,-
1603,50.982621874144264,3.777877911062404,-
1604,50.982620831049545,3.777878723464844,-
1605,50.98261982763082,3.7778795049660654,-
1606,50.98261889335394,3.777880232616934,-
1607,50.98261771501716,3.7778811503510425,-
1608,50.9826165557851,3.7778820532056465,-
1609,50.98261542133334,3.777882936760369,-
1610,50.98261429766898,3.7778838119134304,-
1611,50.98261331262557,3.777884579103149,-
1612,50.98261229514406,3.7778853715568737,-
1613,50.98261136086703,3.7778860992077408,-
1614,50.98261048490083,3.777886781443884,-
1615,50.98260939610141,3.7778876294427053,-
1616,50.98260835106215,3.7778884433594064,-
1617,50.98260725854027,3.7778892942573723,-
1618,50.982606475570556,3.7778899040642164,-
1619,50.98260539990089,3.777890741837006,-
1620,50.98260441074435,3.7778915122300307,-
1621,50.98260337350388,3.777892320072645,-
1622,50.98260253060487,3.777892976554681,-
1623,50.982601551763004,3.777893738914193,-
1624,50.9826004083991,3.777894629409752,-
1625,50.98259956550003,3.7778952858917845,-
1626,50.98259843463223,3.7778961666548616,-
1627,50.98259740327951,3.777896969911765,-
1628,50.98259639180056,3.7778977576902095,-
1629,50.98259532751372,3.7778985865974346,-
1630,50.98259424619719,3.7778994287680137,-
1631,50.98259331627543,3.7779001530265512,-
1632,50.98259226929516,3.7779009684547056,-
1633,50.98259123205442,3.7779017762973233,-
1634,50.982590113822205,3.7779026472191606,-
1635,50.982589278179034,3.7779032980498846,-
1636,50.98258822154887,3.77790412099367,-
1637,50.98258732270719,3.7779048210457677,-
1638,50.98258640819335,3.7779055333039238,-
1639,50.982585473915805,3.777906260954793,-
1640,50.982584383253,3.777907110404421,-
1641,50.98258333240197,3.7779079288471085,-
1642,50.98258233506998,3.7779087056071283,-
1643,50.98258133570465,3.7779094839507565,-
1644,50.98258032824715,3.777910268596864,-
1645,50.982579466296734,3.777910939916524,-
1646,50.982578409666345,3.7779117628603065,-
1647,50.9825773453791,3.7779125917675302,-
1648,50.982576312059564,3.777913396555905,-
1649,50.98257532085233,3.7779141685456006,-
1650,50.98257426807117,3.7779149884913994,-
1651,50.98257328508982,3.777915754074432,-
1652,50.98257230004554,3.777916521264146,-
1653,50.98257126869223,3.77791732452105,-
1654,50.98257012355355,3.777918216398294,-
1655,50.982569144711015,3.777918978757805,-
1656,50.98256818471423,3.7779197264395026,-
1657,50.98256717323465,3.777920514217944,-
1658,50.98256598460519,3.7779214399673537,-
1659,50.98256498931028,3.7779222151405247,-
1660,50.982563842400154,3.7779231083973173,-
1661,50.98256278385001,3.7779239328360057,-
1662,50.98256171956239,3.7779247617432272,-
1663,50.982560702079766,3.7779255541969543,-
1664,50.9825595323868,3.7779264651977855,-
1665,50.982558462392454,3.7779272985495824,-
1666,50.9825575216187,3.777928031259494,-
1667,50.98255648242198,3.7779288406249005,-
1668,50.98255542579106,3.777929663568686,-
1669,50.98255434259794,3.7779305072000993,-
1670,50.98255332511515,3.7779312996538232,-
1671,50.98255229376144,3.7779321029107242,-
1672,50.9825512923663,3.7779328828347496,-
1673,50.9825502709011,3.7779336783900708,-
1674,50.98254910991755,3.777934582607479,-
1675,50.98254802672429,3.777935426238894,-
1676,50.98254705830589,3.7779361804793274,-
1677,50.9825459620728,3.7779370342666,-
1678,50.982544842025675,3.777937906601127,-
1679,50.98254386111096,3.777938670574099,-
1680,50.982542849630846,3.777939458352544,-
1681,50.98254167993744,3.7779403693533733,-
1682,50.982540556271296,3.7779412445064353,-
1683,50.98253967108279,3.777941933924209,-
1684,50.98253876773466,3.777942637485359,-
1685,50.982537626146005,3.7779435265970847,-
1686,50.982536602695156,3.7779443236986734,-
1687,50.98253555765425,3.77794513761538,-
1688,50.982534539189984,3.777945930833194,-
